scene,section,start_sec,end_sec,start_time,end_time,duration_sec,sentence,image,review_status,reason,motion,transition
1,AÇILIŞ: ODYSSEUS KİMDİR?,0.0,2.09,00:00.000,00:02.090,2.09,Odysseus kimdir?,panel_01.jpg,MEVCUT GÖRSEL KULLANILABİLİR,"Görsel, cümledeki Odysseus’u doğrudan destekliyor; anlatılan kişi/olayla çelişen bir unsur taşımıyor.",zoom_in,crossfade
2,AÇILIŞ: ODYSSEUS KİMDİR?,2.09,11.28,00:02.090,00:11.280,9.19,"Truva Savaşı’nı zekâsıyla kazanan, fakat evine dönmesi on yıl süren kraldır.",Dramatischer Seefahrer im Sonnenuntergang.png,MEVCUT GÖRSEL KULLANILABİLİR,"Görsel, cümledeki Troya/Truva bağlamını, tahta at veya hile temasını doğrudan destekliyor; anlatılan kişi/olayla çelişen bir unsur taşımıyor.",zoom_out,crossfade
3,AÇILIŞ: ODYSSEUS KİMDİR?,11.28,19.74,00:11.280,00:19.740,8.46,Christopher Nolan’ın 2026 yapımı The Odyssey filminde onu Matt Damon canlandırıyor.,panel_01.jpg,MEVCUT GÖRSEL KULLANILABİLİR,"Görsel, cümledeki tahta at veya hile temasını doğrudan destekliyor; anlatılan kişi/olayla çelişen bir unsur taşımıyor.",pan_left,crossfade
4,AÇILIŞ: ODYSSEUS KİMDİR?,19.74,28.53,00:19.740,00:28.530,8.79,Peki bir savaşı tek bir hileyle bitirecek kadar zeki olan bu adam neden evine dönemedi?,Küstenwache im goldenen Abendlicht.png,MEVCUT GÖRSEL KULLANILABİLİR,"Görsel, cümledeki savaş atmosferini doğrudan destekliyor; anlatılan kişi/olayla çelişen bir unsur taşımıyor.",pan_right,crossfade
5,AÇILIŞ: ODYSSEUS KİMDİR?,28.53,35.74,00:28.530,00:35.740,7.21,"Bu sorunun cevabı, bugün Çanakkale’de kalıntıları bulunan antik Troya şehrinde başlıyor.",scene_05.jpg,MEVCUT GÖRSEL KULLANILABİLİR,"Görsel, “AÇILIŞ: ODYSSEUS KİMDİR?” bölümünün mekânını, karakterini veya duygusal tonunu destekliyor ve cümlenin anlamıyla çelişmiyor.",zoom_in,crossfade
6,AÇILIŞ: ODYSSEUS KİMDİR?,35.74,42.53,00:35.740,00:42.530,6.79,"Troya, günümüzde daha çok Truva adıyla bildiğimiz antik kenttir.",scene_06.jpg,MEVCUT GÖRSEL KULLANILABİLİR,"Görsel, cümledeki Troya/Truva bağlamını doğrudan destekliyor; anlatılan kişi/olayla çelişen bir unsur taşımıyor.",zoom_out,crossfade
7,AÇILIŞ: ODYSSEUS KİMDİR?,42.53,52.53,00:42.530,00:52.530,10.0,"Truva Savaşı’nın ayrıntılarını bilmesek bile, içine askerlerin saklandığı o meşhur tahta atı hepimiz duymuşuzdur.",panel_02.jpg,MEVCUT GÖRSEL KULLANILABİLİR,"Görsel, cümledeki Troya/Truva bağlamını, tahta at veya hile temasını doğrudan destekliyor; anlatılan kişi/olayla çelişen bir unsur taşımıyor.",pan_left,crossfade
8,AÇILIŞ: ODYSSEUS KİMDİR?,52.53,60.08,00:52.530,01:00.080,7.55,"Dışarıdan bir armağan gibi görünen, fakat içinde düşman taşıyan bir tuzak.",panel_02.jpg,MEVCUT GÖRSEL KULLANILABİLİR,"Görsel, cümledeki tahta at veya hile temasını doğrudan destekliyor; anlatılan kişi/olayla çelişen bir unsur taşımıyor.",pan_right,crossfade
9,AÇILIŞ: ODYSSEUS KİMDİR?,60.08,74.63,01:00.080,01:14.630,14.55,Bu fikir öylesine güçlü bir simgeye dönüştü ki bugün bile zararsız görünüp içinde gizli bir tehlike taşıyan şeylere “Truva Atı” diyoruz.,panel_02.jpg,MEVCUT GÖRSEL KULLANILABİLİR,"Görsel, cümledeki Troya/Truva bağlamını, tahta at veya hile temasını doğrudan destekliyor; anlatılan kişi/olayla çelişen bir unsur taşımıyor.",zoom_in,crossfade
10,AÇILIŞ: ODYSSEUS KİMDİR?,74.63,83.12,01:14.630,01:23.120,8.49,Eski anlatılara göre bu planın beyni Odysseus’tu.,panel_01.jpg,MEVCUT GÖRSEL KULLANILABİLİR,"Görsel, cümledeki tahta at veya hile temasını, Odysseus’u doğrudan destekliyor; anlatılan kişi/olayla çelişen bir unsur taşımıyor.",zoom_out,crossfade
11,AÇILIŞ: ODYSSEUS KİMDİR?,83.12,94.96,01:23.120,01:34.960,11.84,"Fakat kazandığı savaş, on yıl daha sürecek acılı bir yolculuğun başlangıcı oldu.",Dramatischer Seefahrer im Sonnenuntergang.png,MEVCUT GÖRSEL KULLANILABİLİR,"Görsel, cümledeki tahta at veya hile temasını, savaş atmosferini doğrudan destekliyor; anlatılan kişi/olayla çelişen bir unsur taşımıyor.",pan_left,crossfade
12,AÇILIŞ: ODYSSEUS KİMDİR?,94.96,108.27,01:34.960,01:48.270,13.31,Bu yolculukta bütün gemilerini ve yanında yola çıkan insanların tamamını kaybetti.,panel_07.jpg,MEVCUT GÖRSEL KULLANILABİLİR,"Görsel, cümledeki deniz yolculuğunu doğrudan destekliyor; anlatılan kişi/olayla çelişen bir unsur taşımıyor.",pan_right,crossfade
13,AÇILIŞ: ODYSSEUS KİMDİR?,108.27,115.33,01:48.270,01:55.330,7.06,"Tek gözlü bir devle, büyücülerle ve deniz canavarlarıyla karşılaştı.",BLACK / NEW IMAGE NEEDED,YENİ GÖRSEL GEREKLİ,Kütüphanedeki mevcut görseller arasında bu cümleyi doğrudan ve yanlış çağrışım yaratmadan anlatan yeterince uygun bir görsel bulunmadığı için yeni görsel gerekli.,zoom_in,crossfade
14,AÇILIŞ: ODYSSEUS KİMDİR?,115.33,118.71,01:55.330,01:58.710,3.38,Denizlerin tanrısını öfkelendirdi.,panel_06.jpg,MEVCUT GÖRSEL KULLANILABİLİR,"Görsel, “AÇILIŞ: ODYSSEUS KİMDİR?” bölümünün mekânını, karakterini veya duygusal tonunu destekliyor ve cümlenin anlamıyla çelişmiyor.",zoom_out,crossfade
15,AÇILIŞ: ODYSSEUS KİMDİR?,118.71,124.0,01:58.710,02:04.000,5.29,Yine de yaklaşık üç bin yıldır bir kahraman olarak anılıyor.,panel_01.jpg,MEVCUT GÖRSEL KULLANILABİLİR,"Görsel, “AÇILIŞ: ODYSSEUS KİMDİR?” bölümünün mekânını, karakterini veya duygusal tonunu destekliyor ve cümlenin anlamıyla çelişmiyor.",pan_left,crossfade
16,AÇILIŞ: ODYSSEUS KİMDİR?,124.0,131.86,02:04.000,02:11.860,7.86,Peki Odysseus gerçekten büyük bir kahraman mıydı?,panel_01.jpg,MEVCUT GÖRSEL KULLANILABİLİR,"Görsel, cümledeki Odysseus’u doğrudan destekliyor; anlatılan kişi/olayla çelişen bir unsur taşımıyor.",pan_right,crossfade
17,AÇILIŞ: ODYSSEUS KİMDİR?,131.86,135.99,02:11.860,02:15.990,4.13,Yoksa kendi hatalarının sonuçlarından kurtulmaya çalışan son derece yetenekli bir düzenbaz mıydı?,Dramatischer Seefahrer im Sonnenuntergang.png,MEVCUT GÖRSEL KULLANILABİLİR,"Görsel, cümledeki tahta at veya hile temasını doğrudan destekliyor; anlatılan kişi/olayla çelişen bir unsur taşımıyor.",zoom_in,crossfade
18,AÇILIŞ: ODYSSEUS KİMDİR?,135.99,140.11,02:15.990,02:20.110,4.12,Şimdi hikâyenin en başına gidelim.,BLACK / NEW IMAGE NEEDED,YENİ GÖRSEL GEREKLİ,Kütüphanedeki mevcut görseller arasında bu cümleyi doğrudan ve yanlış çağrışım yaratmadan anlatan yeterince uygun bir görsel bulunmadığı için yeni görsel gerekli.,zoom_out,crossfade
19,HİKÂYENİN EN BAŞI: TRUVA SAVAŞI,140.11,145.11,02:20.110,02:25.110,5.0,Her şey başladığında Odysseus hâlâ İthaka’da yaşıyordu.,scene_80.jpg,MEVCUT GÖRSEL KULLANILABİLİR,"Görsel, cümledeki Odysseus’u, İthaka ve eve dönüş temasını doğrudan destekliyor; anlatılan kişi/olayla çelişen bir unsur taşımıyor.",pan_left,crossfade
20,HİKÂYENİN EN BAŞI: TRUVA SAVAŞI,145.11,147.63,02:25.110,02:27.630,2.52,Bir ada kralıydı.,panel_01.jpg,MEVCUT GÖRSEL KULLANILABİLİR,"Görsel, “HİKÂYENİN EN BAŞI: TRUVA SAVAŞI” bölümünün mekânını, karakterini veya duygusal tonunu destekliyor ve cümlenin anlamıyla çelişmiyor.",pan_right,crossfade
21,HİKÂYENİN EN BAŞI: TRUVA SAVAŞI,147.63,156.14,02:27.630,02:36.140,8.51,Yanında eşi Penelope ve henüz bebek olan oğlu Telemakhos vardı.,BLACK / NEW IMAGE NEEDED,YENİ GÖRSEL GEREKLİ,Kütüphanedeki mevcut görseller arasında bu cümleyi doğrudan ve yanlış çağrışım yaratmadan anlatan yeterince uygun bir görsel bulunmadığı için yeni görsel gerekli.,zoom_in,crossfade
22,HİKÂYENİN EN BAŞI: TRUVA SAVAŞI,156.14,162.62,02:36.140,02:42.620,6.48,"Henüz deniz canavarlarıyla savaşmıyor, tanrıların öfkesiyle uğraşmıyordu.",BLACK / NEW IMAGE NEEDED,YENİ GÖRSEL GEREKLİ,Kütüphanedeki mevcut görseller arasında bu cümleyi doğrudan ve yanlış çağrışım yaratmadan anlatan yeterince uygun bir görsel bulunmadığı için yeni görsel gerekli.,zoom_out,crossfade
23,HİKÂYENİN EN BAŞI: TRUVA SAVAŞI,162.62,169.64,02:42.620,02:49.640,7.02,Fakat Ege Denizi’nin karşı tarafında büyük bir sorun çıkmak üzereydi.,scene_22.jpg,MEVCUT GÖRSEL KULLANILABİLİR,"Görsel, cümledeki tahta at veya hile temasını doğrudan destekliyor; anlatılan kişi/olayla çelişen bir unsur taşımıyor.",pan_left,crossfade
24,HİKÂYENİN EN BAŞI: TRUVA SAVAŞI,169.64,178.26,02:49.640,02:58.260,8.62,"Troya ile farklı Yunan krallıkları arasında, yıllarca sürecek bir savaş başlayacaktı.",scene_01.jpg,MEVCUT GÖRSEL KULLANILABİLİR,"Görsel, cümledeki savaş atmosferini doğrudan destekliyor; anlatılan kişi/olayla çelişen bir unsur taşımıyor.",pan_right,crossfade
25,HİKÂYENİN EN BAŞI: TRUVA SAVAŞI,178.26,186.55,02:58.260,03:06.550,8.29,Bu savaşın anlatıldığı biçimiyle gerçekten yaşanıp yaşanmadığı ise hâlâ tartışmalıdır.,scene_05.jpg,MEVCUT GÖRSEL KULLANILABİLİR,"Görsel, cümledeki tahta at veya hile temasını, savaş atmosferini doğrudan destekliyor; anlatılan kişi/olayla çelişen bir unsur taşımıyor.",zoom_in,crossfade
26,HİKÂYENİN EN BAŞI: TRUVA SAVAŞI,186.55,197.22,03:06.550,03:17.220,10.67,"Bu, bugünkü Türkiye ile Yunanistan arasında yapılmış bir savaş değildi; o çağda bu iki modern devlet henüz yoktu.",BLACK / NEW IMAGE NEEDED,YENİ GÖRSEL GEREKLİ,Kütüphanedeki mevcut görseller arasında bu cümleyi doğrudan ve yanlış çağrışım yaratmadan anlatan yeterince uygun bir görsel bulunmadığı için yeni görsel gerekli.,zoom_out,crossfade
27,HİKÂYENİN EN BAŞI: TRUVA SAVAŞI,197.22,202.85,03:17.220,03:22.850,5.63,"Hikâyenin bir tarafında Troya şehri, Troyalılar ve onların müttefikleri vardı.",scene_06.jpg,MEVCUT GÖRSEL KULLANILABİLİR,"Görsel, “HİKÂYENİN EN BAŞI: TRUVA SAVAŞI” bölümünün mekânını, karakterini veya duygusal tonunu destekliyor ve cümlenin anlamıyla çelişmiyor.",pan_left,crossfade
28,HİKÂYENİN EN BAŞI: TRUVA SAVAŞI,202.85,208.7,03:22.850,03:28.700,5.85,Diğer tarafında ise Ege dünyasındaki farklı küçük krallıklardan gelen savaşçılar bulunuyordu.,scene_01.jpg,MEVCUT GÖRSEL KULLANILABİLİR,"Görsel, cümledeki savaş atmosferini doğrudan destekliyor; anlatılan kişi/olayla çelişen bir unsur taşımıyor.",pan_right,crossfade
29,HİKÂYENİN EN BAŞI: TRUVA SAVAŞI,208.7,212.89,03:28.700,03:32.890,4.19,Eski anlatılar bu savaşçılara çoğu zaman “Akhalar” der.,Epos am Lagerfeuer im Feldlager.png,MEVCUT GÖRSEL KULLANILABİLİR,"Görsel, cümledeki tahta at veya hile temasını, savaş atmosferini doğrudan destekliyor; anlatılan kişi/olayla çelişen bir unsur taşımıyor.",zoom_in,crossfade
30,HİKÂYENİN EN BAŞI: TRUVA SAVAŞI,212.89,222.41,03:32.890,03:42.410,9.52,"Yani bu videoda “Akhalar” dediğimizde, tek bir ülkenin ordusundan değil, aynı savaş için birleşen farklı Yunan krallarından ve askerlerinden söz ediyoruz.",Epos am Lagerfeuer im Feldlager.png,MEVCUT GÖRSEL KULLANILABİLİR,"Görsel, cümledeki savaş atmosferini doğrudan destekliyor; anlatılan kişi/olayla çelişen bir unsur taşımıyor.",zoom_out,crossfade
31,HİKÂYENİN EN BAŞI: TRUVA SAVAŞI,222.41,228.55,03:42.410,03:48.550,6.14,Peki bu kadar büyük bir savaş neden çıktı?,BLACK / NEW IMAGE NEEDED,YENİ GÖRSEL GEREKLİ,Kütüphanedeki mevcut görseller arasında bu cümleyi doğrudan ve yanlış çağrışım yaratmadan anlatan yeterince uygun bir görsel bulunmadığı için yeni görsel gerekli.,pan_left,crossfade
32,HİKÂYENİN EN BAŞI: TRUVA SAVAŞI,228.55,234.31,03:48.550,03:54.310,5.76,"Hikâye, Sparta sarayında ve Helen isimli bir kadınla başlar.",BLACK / NEW IMAGE NEEDED,YENİ GÖRSEL GEREKLİ,Kütüphanedeki mevcut görseller arasında bu cümleyi doğrudan ve yanlış çağrışım yaratmadan anlatan yeterince uygun bir görsel bulunmadığı için yeni görsel gerekli.,pan_right,crossfade
33,HİKÂYENİN EN BAŞI: TRUVA SAVAŞI,234.31,238.4,03:54.310,03:58.400,4.09,"Helen, Sparta kralı Menelaos’un eşidir.",BLACK / NEW IMAGE NEEDED,YENİ GÖRSEL GEREKLİ,Kütüphanedeki mevcut görseller arasında bu cümleyi doğrudan ve yanlış çağrışım yaratmadan anlatan yeterince uygun bir görsel bulunmadığı için yeni görsel gerekli.,zoom_in,crossfade
34,HİKÂYENİN EN BAŞI: TRUVA SAVAŞI,238.4,244.6,03:58.400,04:04.600,6.2,Mitolojik anlatılarda dünyanın en güzel kadını olarak tanımlanır.,BLACK / NEW IMAGE NEEDED,YENİ GÖRSEL GEREKLİ,Kütüphanedeki mevcut görseller arasında bu cümleyi doğrudan ve yanlış çağrışım yaratmadan anlatan yeterince uygun bir görsel bulunmadığı için yeni görsel gerekli.,zoom_out,crossfade
35,HİKÂYENİN EN BAŞI: TRUVA SAVAŞI,244.6,252.86,04:04.600,04:12.860,8.26,"Bir gün Troya kralının oğlu Paris, yani bir Troya prensi, Helen’i Troya’ya götürür.",BLACK / NEW IMAGE NEEDED,YENİ GÖRSEL GEREKLİ,Kütüphanedeki mevcut görseller arasında bu cümleyi doğrudan ve yanlış çağrışım yaratmadan anlatan yeterince uygun bir görsel bulunmadığı için yeni görsel gerekli.,pan_left,crossfade
36,HİKÂYENİN EN BAŞI: TRUVA SAVAŞI,252.86,257.72,04:12.860,04:17.720,4.86,Ancak eski anlatılar bunun nasıl gerçekleştiği konusunda aynı şeyi söylemez.,BLACK / NEW IMAGE NEEDED,YENİ GÖRSEL GEREKLİ,Kütüphanedeki mevcut görseller arasında bu cümleyi doğrudan ve yanlış çağrışım yaratmadan anlatan yeterince uygun bir görsel bulunmadığı için yeni görsel gerekli.,pan_right,crossfade
37,HİKÂYENİN EN BAŞI: TRUVA SAVAŞI,257.72,259.96,04:17.720,04:19.960,2.24,Bazılarına göre Paris Helen’i kaçırmıştır.,BLACK / NEW IMAGE NEEDED,YENİ GÖRSEL GEREKLİ,Kütüphanedeki mevcut görseller arasında bu cümleyi doğrudan ve yanlış çağrışım yaratmadan anlatan yeterince uygun bir görsel bulunmadığı için yeni görsel gerekli.,zoom_in,crossfade
38,HİKÂYENİN EN BAŞI: TRUVA SAVAŞI,259.96,265.4,04:19.960,04:25.400,5.44,Bazılarına göre ise Helen onunla kendi isteğiyle gitmiştir.,BLACK / NEW IMAGE NEEDED,YENİ GÖRSEL GEREKLİ,Kütüphanedeki mevcut görseller arasında bu cümleyi doğrudan ve yanlış çağrışım yaratmadan anlatan yeterince uygun bir görsel bulunmadığı için yeni görsel gerekli.,zoom_out,crossfade
39,HİKÂYENİN EN BAŞI: TRUVA SAVAŞI,265.4,271.19,04:25.400,04:31.190,5.79,Menelaos için sonuç aynıdır: Eşi artık Troya’dadır.,BLACK / NEW IMAGE NEEDED,YENİ GÖRSEL GEREKLİ,Kütüphanedeki mevcut görseller arasında bu cümleyi doğrudan ve yanlış çağrışım yaratmadan anlatan yeterince uygun bir görsel bulunmadığı için yeni görsel gerekli.,pan_left,crossfade
40,HİKÂYENİN EN BAŞI: TRUVA SAVAŞI,271.19,280.34,04:31.190,04:40.340,9.15,Menelaos Helen’i geri almak için diğer Yunan krallarını yardıma çağırır.,BLACK / NEW IMAGE NEEDED,YENİ GÖRSEL GEREKLİ,Kütüphanedeki mevcut görseller arasında bu cümleyi doğrudan ve yanlış çağrışım yaratmadan anlatan yeterince uygun bir görsel bulunmadığı için yeni görsel gerekli.,pan_right,crossfade
41,HİKÂYENİN EN BAŞI: TRUVA SAVAŞI,280.34,286.51,04:40.340,04:46.510,6.17,Birleşen ordunun başına da kardeşi Agamemnon geçer.,BLACK / NEW IMAGE NEEDED,YENİ GÖRSEL GEREKLİ,Kütüphanedeki mevcut görseller arasında bu cümleyi doğrudan ve yanlış çağrışım yaratmadan anlatan yeterince uygun bir görsel bulunmadığı için yeni görsel gerekli.,zoom_in,crossfade
42,HİKÂYENİN EN BAŞI: TRUVA SAVAŞI,286.51,292.07,04:46.510,04:52.070,5.56,"Bu savaş çağrısı kısa süre sonra İthaka’ya, Odysseus’un kapısına kadar ulaşır.",BLACK / NEW IMAGE NEEDED,YENİ GÖRSEL GEREKLİ,Kütüphanedeki mevcut görseller arasında bu cümleyi doğrudan ve yanlış çağrışım yaratmadan anlatan yeterince uygun bir görsel bulunmadığı için yeni görsel gerekli.,zoom_out,crossfade
43,SAVAŞA GİTMEK İSTEMEYEN KRAL,292.07,295.84,04:52.070,04:55.840,3.77,Fakat Odysseus savaşa gitmek istemez.,panel_04.jpg,MEVCUT GÖRSEL KULLANILABİLİR,"Görsel, cümledeki tahta at veya hile temasını, Odysseus’u doğrudan destekliyor; anlatılan kişi/olayla çelişen bir unsur taşımıyor.",pan_left,crossfade
44,SAVAŞA GİTMEK İSTEMEYEN KRAL,295.84,303.31,04:55.840,05:03.310,7.47,"Çünkü giderse ülkesinden, eşi Penelope’den ve henüz bebek olan oğlu Telemakhos’tan belirsiz bir süre için ayrılacaktır.",panel_04.jpg,MEVCUT GÖRSEL KULLANILABİLİR,"Görsel, cümledeki Penelope’yi, Telemakhos’u doğrudan destekliyor; anlatılan kişi/olayla çelişen bir unsur taşımıyor.",pan_right,crossfade
45,SAVAŞA GİTMEK İSTEMEYEN KRAL,303.31,311.53,05:03.310,05:11.530,8.22,Sonraki dönemlerde anlatılan bir efsaneye göre Odysseus savaştan kurtulabilmek için aklını kaybetmiş gibi davranır.,BLACK / NEW IMAGE NEEDED,YENİ GÖRSEL GEREKLİ,Kütüphanedeki mevcut görseller arasında bu cümleyi doğrudan ve yanlış çağrışım yaratmadan anlatan yeterince uygun bir görsel bulunmadığı için yeni görsel gerekli.,zoom_in,crossfade
46,SAVAŞA GİTMEK İSTEMEYEN KRAL,311.53,319.85,05:11.530,05:19.850,8.32,Bir atla öküzü aynı sabana bağlar ve tarlasını anlamsız biçimde sürmeye başlar.,BLACK / NEW IMAGE NEEDED,YENİ GÖRSEL GEREKLİ,Kütüphanedeki mevcut görseller arasında bu cümleyi doğrudan ve yanlış çağrışım yaratmadan anlatan yeterince uygun bir görsel bulunmadığı için yeni görsel gerekli.,zoom_out,crossfade
47,SAVAŞA GİTMEK İSTEMEYEN KRAL,319.85,324.72,05:19.850,05:24.720,4.87,Bazı geç anlatımlara göre toprağa tohum yerine tuz eker.,BLACK / NEW IMAGE NEEDED,YENİ GÖRSEL GEREKLİ,Kütüphanedeki mevcut görseller arasında bu cümleyi doğrudan ve yanlış çağrışım yaratmadan anlatan yeterince uygun bir görsel bulunmadığı için yeni görsel gerekli.,pan_left,crossfade
48,SAVAŞA GİTMEK İSTEMEYEN KRAL,324.72,330.05,05:24.720,05:30.050,5.33,"Onu savaşa çağırmak için gelen Palamedes isimli savaşçı, Odysseus’un numara yaptığından şüphelenir.",BLACK / NEW IMAGE NEEDED,YENİ GÖRSEL GEREKLİ,Kütüphanedeki mevcut görseller arasında bu cümleyi doğrudan ve yanlış çağrışım yaratmadan anlatan yeterince uygun bir görsel bulunmadığı için yeni görsel gerekli.,pan_right,crossfade
49,SAVAŞA GİTMEK İSTEMEYEN KRAL,330.05,335.94,05:30.050,05:35.940,5.89,Bunu kanıtlamak için küçük Telemakhos’u sabanın ilerlediği yolun üzerine koyar.,BLACK / NEW IMAGE NEEDED,YENİ GÖRSEL GEREKLİ,Kütüphanedeki mevcut görseller arasında bu cümleyi doğrudan ve yanlış çağrışım yaratmadan anlatan yeterince uygun bir görsel bulunmadığı için yeni görsel gerekli.,zoom_in,crossfade
50,SAVAŞA GİTMEK İSTEMEYEN KRAL,335.94,340.38,05:35.940,05:40.380,4.44,Odysseus oğluna zarar vermemek için sabanı durdurur.,BLACK / NEW IMAGE NEEDED,YENİ GÖRSEL GEREKLİ,Kütüphanedeki mevcut görseller arasında bu cümleyi doğrudan ve yanlış çağrışım yaratmadan anlatan yeterince uygun bir görsel bulunmadığı için yeni görsel gerekli.,zoom_out,crossfade
51,SAVAŞA GİTMEK İSTEMEYEN KRAL,340.38,342.57,05:40.380,05:42.570,2.19,Böylece aklını kaybetmediği anlaşılır.,BLACK / NEW IMAGE NEEDED,YENİ GÖRSEL GEREKLİ,Kütüphanedeki mevcut görseller arasında bu cümleyi doğrudan ve yanlış çağrışım yaratmadan anlatan yeterince uygun bir görsel bulunmadığı için yeni görsel gerekli.,pan_left,crossfade
52,SAVAŞA GİTMEK İSTEMEYEN KRAL,342.57,348.9,05:42.570,05:48.900,6.33,Odysseus’un planı başarısız olur ve savaşa katılmak zorunda kalır.,BLACK / NEW IMAGE NEEDED,YENİ GÖRSEL GEREKLİ,Kütüphanedeki mevcut görseller arasında bu cümleyi doğrudan ve yanlış çağrışım yaratmadan anlatan yeterince uygun bir görsel bulunmadığı için yeni görsel gerekli.,pan_right,crossfade
53,SAVAŞA GİTMEK İSTEMEYEN KRAL,348.9,358.61,05:48.900,05:58.610,9.71,"Bu olay, Odysseus’un eve dönüşünü anlatan ana hikâyede ve Nolan’ın filminde yoktur; daha sonraki mitolojik anlatılardan gelir.",Old Homer Writing The Iliad.png,MEVCUT GÖRSEL KULLANILABİLİR,"Görsel, cümledeki tahta at veya hile temasını, Odysseus’u doğrudan destekliyor; anlatılan kişi/olayla çelişen bir unsur taşımıyor.",zoom_in,crossfade
54,SAVAŞA GİTMEK İSTEMEYEN KRAL,358.61,363.46,05:58.610,06:03.460,4.85,Ama Odysseus’un nasıl bir insan olduğunu çok iyi gösterir.,Küstenwache im goldenen Abendlicht.png,MEVCUT GÖRSEL KULLANILABİLİR,"Görsel, cümledeki Odysseus’u doğrudan destekliyor; anlatılan kişi/olayla çelişen bir unsur taşımıyor.",zoom_out,crossfade
55,SAVAŞA GİTMEK İSTEMEYEN KRAL,363.46,374.41,06:03.460,06:14.410,10.95,"O daha savaşa gitmeden önce bile sorunlarını güç kullanarak değil, plan yaparak ve karşısındakini yanıltarak çözmeye çalışmaktadır.",Antiker Gelehrter im Abendlicht.png,MEVCUT GÖRSEL KULLANILABİLİR,"Görsel, cümledeki savaş atmosferini doğrudan destekliyor; anlatılan kişi/olayla çelişen bir unsur taşımıyor.",pan_left,crossfade
56,SAVAŞA GİTMEK İSTEMEYEN KRAL,374.41,378.75,06:14.410,06:18.750,4.34,Bu kez kurduğu plan onu kurtaramaz.,panel_04.jpg,MEVCUT GÖRSEL KULLANILABİLİR,"Görsel, “SAVAŞA GİTMEK İSTEMEYEN KRAL” bölümünün mekânını, karakterini veya duygusal tonunu destekliyor ve cümlenin anlamıyla çelişmiyor.",pan_right,crossfade
57,SAVAŞA GİTMEK İSTEMEYEN KRAL,378.75,384.03,06:18.750,06:24.030,5.28,Fakat aynı kurnazlık yıllar sonra Truva Savaşı’nı bitirecektir.,panel_02.jpg,MEVCUT GÖRSEL KULLANILABİLİR,"Görsel, cümledeki Troya/Truva bağlamını, tahta at veya hile temasını doğrudan destekliyor; anlatılan kişi/olayla çelişen bir unsur taşımıyor.",zoom_in,crossfade
58,ON YILLIK KUŞATMA,384.03,394.44,06:24.030,06:34.440,10.41,Farklı Yunan krallıklarından toplanan savaşçılar gemilerle Ege Denizi’ni geçer ve Troya’yı kuşatır.,panel_14.jpg,MEVCUT GÖRSEL KULLANILABİLİR,"Görsel, cümledeki tahta at veya hile temasını, deniz yolculuğunu doğrudan destekliyor; anlatılan kişi/olayla çelişen bir unsur taşımıyor.",zoom_out,crossfade
59,ON YILLIK KUŞATMA,394.44,401.65,06:34.440,06:41.650,7.21,Eski anlatılara göre savaş tam on yıl sürer.,Epos am Lagerfeuer im Feldlager.png,MEVCUT GÖRSEL KULLANILABİLİR,"Görsel, cümledeki tahta at veya hile temasını, savaş atmosferini doğrudan destekliyor; anlatılan kişi/olayla çelişen bir unsur taşımıyor.",pan_left,crossfade
60,ON YILLIK KUŞATMA,401.65,404.82,06:41.650,06:44.820,3.17,Akhaların en güçlü savaşçısı Akhilleus’tur.,BLACK / NEW IMAGE NEEDED,YENİ GÖRSEL GEREKLİ,Kütüphanedeki mevcut görseller arasında bu cümleyi doğrudan ve yanlış çağrışım yaratmadan anlatan yeterince uygun bir görsel bulunmadığı için yeni görsel gerekli.,pan_right,crossfade
61,ON YILLIK KUŞATMA,404.82,409.684,06:44.820,06:49.684,4.864,Troyalıların en büyük savunucusu ise kralın oğlu Hektor’dur.,panel_15.jpg,MEVCUT GÖRSEL KULLANILABİLİR,"Görsel, “ON YILLIK KUŞATMA” bölümünün mekânını, karakterini veya duygusal tonunu destekliyor ve cümlenin anlamıyla çelişmiyor.",zoom_in,crossfade
62,ON YILLIK KUŞATMA,409.684,414.118,06:49.684,06:54.118,4.435,Hektor ile Helen’i Troya’ya getiren Paris kardeştir.,panel_15.jpg,MEVCUT GÖRSEL KULLANILABİLİR,"Görsel, “ON YILLIK KUŞATMA” bölümünün mekânını, karakterini veya duygusal tonunu destekliyor ve cümlenin anlamıyla çelişmiyor.",zoom_out,crossfade
63,ON YILLIK KUŞATMA,414.118,418.553,06:54.118,06:58.553,4.435,Truva Savaşı’nın en ünlü anlatılarından biri İlyada’dır.,Old Homer Writing The Iliad.png,MEVCUT GÖRSEL KULLANILABİLİR,"Görsel, cümledeki Troya/Truva bağlamını, tahta at veya hile temasını doğrudan destekliyor; anlatılan kişi/olayla çelişen bir unsur taşımıyor.",pan_left,crossfade
64,ON YILLIK KUŞATMA,418.553,427.711,06:58.553,07:07.711,9.157,"İlyada, yaklaşık 2.800 yıl önce yaşadığı düşünülen Antik Yunan şairi ve hikâye anlatıcısı Homeros’a atfedilen bir destandır.",Old Homer Writing The Iliad.png,MEVCUT GÖRSEL KULLANILABİLİR,"Görsel, cümledeki tahta at veya hile temasını doğrudan destekliyor; anlatılan kişi/olayla çelişen bir unsur taşımıyor.",pan_right,crossfade
65,ON YILLIK KUŞATMA,427.711,433.862,07:07.711,07:13.862,6.152,"Destan; kahramanları, savaşları ve olağanüstü olayları anlatan uzun, şiirsel hikâye demektir.",Old Homer Writing The Iliad.png,MEVCUT GÖRSEL KULLANILABİLİR,"Görsel, cümledeki tahta at veya hile temasını, savaş atmosferini doğrudan destekliyor; anlatılan kişi/olayla çelişen bir unsur taşımıyor.",zoom_in,crossfade
66,ON YILLIK KUŞATMA,433.862,442.591,07:13.862,07:22.591,8.728,"İlyada bütün savaşı anlatmaz; savaşın son yılındaki kısa bir döneme, özellikle Akhilleus’un öfkesine ve Hektor’la çatışmasına odaklanır.",Old Homer Writing The Iliad.png,MEVCUT GÖRSEL KULLANILABİLİR,"Görsel, cümledeki tahta at veya hile temasını, savaş atmosferini doğrudan destekliyor; anlatılan kişi/olayla çelişen bir unsur taşımıyor.",zoom_out,crossfade
67,ON YILLIK KUŞATMA,442.591,447.025,07:22.591,07:27.025,4.435,Üstelik şaşırtıcı biçimde Truva Atı İlyada’da yoktur.,Old Homer Writing The Iliad.png,MEVCUT GÖRSEL KULLANILABİLİR,"Görsel, cümledeki Troya/Truva bağlamını, tahta at veya hile temasını doğrudan destekliyor; anlatılan kişi/olayla çelişen bir unsur taşımıyor.",pan_left,crossfade
68,ON YILLIK KUŞATMA,447.025,451.889,07:27.025,07:31.889,4.864,"Destan, at yapılmadan önce Hektor’un cenazesiyle sona erer.",Old Homer Writing The Iliad.png,MEVCUT GÖRSEL KULLANILABİLİR,"Görsel, cümledeki tahta at veya hile temasını doğrudan destekliyor; anlatılan kişi/olayla çelişen bir unsur taşımıyor.",pan_right,crossfade
69,ON YILLIK KUŞATMA,451.889,457.612,07:31.889,07:37.612,5.723,Odysseus’un savaştan sonraki eve dönüşünü anlatan destanın adı ise Odysseia’dır.,Old Homer Writing The Iliad.png,MEVCUT GÖRSEL KULLANILABİLİR,"Görsel, cümledeki tahta at veya hile temasını, Odysseus’u doğrudan destekliyor; anlatılan kişi/olayla çelişen bir unsur taşımıyor.",zoom_in,crossfade
70,ON YILLIK KUŞATMA,457.612,464.193,07:37.612,07:44.193,6.581,İngilizce adı The Odyssey olduğu için Nolan’ın filmi de bu adı taşır.,Old Homer Writing The Iliad.png,MEVCUT GÖRSEL KULLANILABİLİR,"Görsel, “ON YILLIK KUŞATMA” bölümünün mekânını, karakterini veya duygusal tonunu destekliyor ve cümlenin anlamıyla çelişmiyor.",zoom_out,crossfade
71,ON YILLIK KUŞATMA,464.193,470.345,07:44.193,07:50.345,6.152,"Truva Atı, Odysseia’da geçmişte yaşanmış bir olay olarak yalnızca kısaca hatırlanır.",Old Homer Writing The Iliad.png,MEVCUT GÖRSEL KULLANILABİLİR,"Görsel, cümledeki Troya/Truva bağlamını, tahta at veya hile temasını doğrudan destekliyor; anlatılan kişi/olayla çelişen bir unsur taşımıyor.",pan_left,crossfade
72,ON YILLIK KUŞATMA,470.345,476.068,07:50.345,07:56.068,5.723,Odysseus ise istemeden katıldığı savaşta zamanla vazgeçilmez bir komutana dönüşür.,panel_01.jpg,MEVCUT GÖRSEL KULLANILABİLİR,"Görsel, cümledeki tahta at veya hile temasını, Odysseus’u doğrudan destekliyor; anlatılan kişi/olayla çelişen bir unsur taşımıyor.",pan_right,crossfade
73,ON YILLIK KUŞATMA,476.068,483.078,07:56.068,08:03.078,7.011,"Antik Yunancada onun çevik, pratik ve kurnaz zekâsını anlatan kelimelerden biri “metis”tir.",panel_01.jpg,MEVCUT GÖRSEL KULLANILABİLİR,"Görsel, cümledeki tahta at veya hile temasını doğrudan destekliyor; anlatılan kişi/olayla çelişen bir unsur taşımıyor.",zoom_in,crossfade
74,ON YILLIK KUŞATMA,483.078,490.948,08:03.078,08:10.948,7.869,"Metis; durumu hızla okumak, rakibinin ne düşüneceğini anlamak ve kimsenin göremediği bir çıkış yolu bulmaktır.",panel_01.jpg,MEVCUT GÖRSEL KULLANILABİLİR,"Görsel, “ON YILLIK KUŞATMA” bölümünün mekânını, karakterini veya duygusal tonunu destekliyor ve cümlenin anlamıyla çelişmiyor.",zoom_out,crossfade
75,ON YILLIK KUŞATMA,490.948,497.529,08:10.948,08:17.529,6.581,Odysseus iyi bir savaşçıdır ama onu Akhilleus’tan ayıran asıl özelliği bu zekâsıdır.,panel_15.jpg,MEVCUT GÖRSEL KULLANILABİLİR,"Görsel, cümledeki Odysseus’u, savaş atmosferini doğrudan destekliyor; anlatılan kişi/olayla çelişen bir unsur taşımıyor.",pan_left,crossfade
76,ON YILLIK KUŞATMA,497.529,503.681,08:17.529,08:23.681,6.152,Bilgelik ve savaş stratejisi tanrıçası Athena da onu bu nedenle korur.,panel_56.jpg,MEVCUT GÖRSEL KULLANILABİLİR,"Görsel, cümledeki tahta at veya hile temasını, Athena’yı doğrudan destekliyor; anlatılan kişi/olayla çelişen bir unsur taşımıyor.",pan_right,crossfade
77,ON YILLIK KUŞATMA,503.681,514.127,08:23.681,08:34.127,10.446,"Nolan’ın filminde Athena’yı Zendaya canlandırır; fakat film, onun gerçekten bir tanrıça mı yoksa Odysseus’un zihnindeki bir varlık mı olduğunu açık bırakır.",panel_56.jpg,MEVCUT GÖRSEL KULLANILABİLİR,"Görsel, cümledeki tahta at veya hile temasını, Odysseus’u doğrudan destekliyor; anlatılan kişi/olayla çelişen bir unsur taşımıyor.",zoom_in,crossfade
78,ON YILLIK KUŞATMA,514.127,524.572,08:34.127,08:44.572,10.446,"Fakat ister bir tanrıçanın yardımı, ister Odysseus’un kendi zihni olarak düşünelim, onu Troya’da öne çıkaran şey aynıdır: Kılıcından önce aklını kullanması.",panel_01.jpg,MEVCUT GÖRSEL KULLANILABİLİR,"Görsel, cümledeki tahta at veya hile temasını, Odysseus’u doğrudan destekliyor; anlatılan kişi/olayla çelişen bir unsur taşımıyor.",zoom_out,crossfade
79,ON YILLIK KUŞATMA,524.572,530.724,08:44.572,08:50.724,6.152,On yılın sonunda Akhaların en güçlü savaşçıları bile Troya’nın surlarını aşamamıştır.,panel_15.jpg,MEVCUT GÖRSEL KULLANILABİLİR,"Görsel, cümledeki savaş atmosferini doğrudan destekliyor; anlatılan kişi/olayla çelişen bir unsur taşımıyor.",pan_left,crossfade
80,ON YILLIK KUŞATMA,530.724,535.159,08:50.724,08:55.159,4.435,Kas gücünün başaramadığını şimdi Odysseus’un kurnazlığı başaracaktır.,panel_01.jpg,MEVCUT GÖRSEL KULLANILABİLİR,"Görsel, cümledeki Odysseus’u doğrudan destekliyor; anlatılan kişi/olayla çelişen bir unsur taşımıyor.",pan_right,crossfade
81,TRUVA ATI VE ZEUS’UN YASASI,535.159,540.023,08:55.159,09:00.023,4.864,On yıllık kuşatma artık tam bir çıkmaza girmişti.,panel_02.jpg,MEVCUT GÖRSEL KULLANILABİLİR,"Görsel, cümledeki tahta at veya hile temasını doğrudan destekliyor; anlatılan kişi/olayla çelişen bir unsur taşımıyor.",zoom_in,crossfade
82,TRUVA ATI VE ZEUS’UN YASASI,540.023,549.609,09:00.023,09:09.609,9.587,"Şehre doğrudan saldırarak giremeyeceklerini anlayan Odysseus farklı bir yol önerdi: Troya’yı güç kullanarak değil, Troyalıların güvenini kullanarak ele geçireceklerdi.",panel_02.jpg,MEVCUT GÖRSEL KULLANILABİLİR,"Görsel, cümledeki Odysseus’u doğrudan destekliyor; anlatılan kişi/olayla çelişen bir unsur taşımıyor.",zoom_out,crossfade
83,TRUVA ATI VE ZEUS’UN YASASI,549.609,554.903,09:09.609,09:14.903,5.293,Epeios dev ve içi boş bir tahta at yaptı.,panel_02.jpg,MEVCUT GÖRSEL KULLANILABİLİR,"Görsel, cümledeki tahta at veya hile temasını doğrudan destekliyor; anlatılan kişi/olayla çelişen bir unsur taşımıyor.",pan_left,crossfade
84,TRUVA ATI VE ZEUS’UN YASASI,554.903,560.625,09:14.903,09:20.625,5.723,Odysseus’un da aralarında bulunduğu seçilmiş savaşçılar bu atın içine saklandı.,panel_02.jpg,MEVCUT GÖRSEL KULLANILABİLİR,"Görsel, cümledeki tahta at veya hile temasını, Odysseus’u doğrudan destekliyor; anlatılan kişi/olayla çelişen bir unsur taşımıyor.",pan_right,crossfade
85,TRUVA ATI VE ZEUS’UN YASASI,560.625,565.06,09:20.625,09:25.060,4.435,Geri kalan ordu kamplarını boşaltıp gemileriyle uzaklaştı.,BLACK / NEW IMAGE NEEDED,YENİ GÖRSEL GEREKLİ,Kütüphanedeki mevcut görseller arasında bu cümleyi doğrudan ve yanlış çağrışım yaratmadan anlatan yeterince uygun bir görsel bulunmadığı için yeni görsel gerekli.,zoom_in,crossfade
86,TRUVA ATI VE ZEUS’UN YASASI,565.06,571.212,09:25.060,09:31.212,6.152,Troyalılar sabah Akhaların gittiğini ve sahilde dev bir at bıraktığını gördü.,panel_02.jpg,MEVCUT GÖRSEL KULLANILABİLİR,"Görsel, cümledeki tahta at veya hile temasını doğrudan destekliyor; anlatılan kişi/olayla çelişen bir unsur taşımıyor.",zoom_out,crossfade
87,TRUVA ATI VE ZEUS’UN YASASI,571.212,576.505,09:31.212,09:36.505,5.293,Atı bir teslimiyet hediyesi veya tanrılara sunulmuş armağan sandılar.,panel_02.jpg,MEVCUT GÖRSEL KULLANILABİLİR,"Görsel, cümledeki tahta at veya hile temasını doğrudan destekliyor; anlatılan kişi/olayla çelişen bir unsur taşımıyor.",pan_left,crossfade
88,TRUVA ATI VE ZEUS’UN YASASI,576.505,580.51,09:36.505,09:40.510,4.005,Bazıları bunun bir tuzak olabileceğini söyledi.,BLACK / NEW IMAGE NEEDED,YENİ GÖRSEL GEREKLİ,Kütüphanedeki mevcut görseller arasında bu cümleyi doğrudan ve yanlış çağrışım yaratmadan anlatan yeterince uygun bir görsel bulunmadığı için yeni görsel gerekli.,pan_right,crossfade
89,TRUVA ATI VE ZEUS’UN YASASI,580.51,585.374,09:40.510,09:45.374,4.864,Fakat sonunda atı kendi elleriyle surların içine taşıdılar.,panel_02.jpg,MEVCUT GÖRSEL KULLANILABİLİR,"Görsel, cümledeki tahta at veya hile temasını doğrudan destekliyor; anlatılan kişi/olayla çelişen bir unsur taşımıyor.",zoom_in,crossfade
90,TRUVA ATI VE ZEUS’UN YASASI,585.374,593.244,09:45.374,09:53.244,7.869,Gece olduğunda atın içindeki askerler dışarı çıktı ve şehrin kapılarını gizlice geri dönen orduya açtı.,panel_02.jpg,MEVCUT GÖRSEL KULLANILABİLİR,"Görsel, cümledeki tahta at veya hile temasını doğrudan destekliyor; anlatılan kişi/olayla çelişen bir unsur taşımıyor.",zoom_out,crossfade
91,TRUVA ATI VE ZEUS’UN YASASI,593.244,595.531,09:53.244,09:55.531,2.288,Troya düştü.,panel_03.jpg,MEVCUT GÖRSEL KULLANILABİLİR,"Görsel, “TRUVA ATI VE ZEUS’UN YASASI” bölümünün mekânını, karakterini veya duygusal tonunu destekliyor ve cümlenin anlamıyla çelişmiyor.",pan_left,crossfade
92,TRUVA ATI VE ZEUS’UN YASASI,595.531,600.825,09:55.531,10:00.825,5.293,"Şehir yağmalandı; siviller öldürüldü, kadınlar ve çocuklar esir alındı.",panel_03.jpg,MEVCUT GÖRSEL KULLANILABİLİR,"Görsel, “TRUVA ATI VE ZEUS’UN YASASI” bölümünün mekânını, karakterini veya duygusal tonunu destekliyor ve cümlenin anlamıyla çelişmiyor.",pan_right,crossfade
93,TRUVA ATI VE ZEUS’UN YASASI,600.825,611.27,10:00.825,10:11.270,10.446,"Nolan’ın filmi bu yıkımı kahramanca bir zafer görüntüsü olarak değil, Odysseus’un hayatının geri kalanında taşıyacağı korkunç bir suçluluk kaynağı olarak gösteriyor.",panel_02.jpg,MEVCUT GÖRSEL KULLANILABİLİR,"Görsel, cümledeki tahta at veya hile temasını, Odysseus’u doğrudan destekliyor; anlatılan kişi/olayla çelişen bir unsur taşımıyor.",zoom_in,crossfade
94,TRUVA ATI VE ZEUS’UN YASASI,611.27,618.71,10:11.270,10:18.710,7.44,"Filmin burada öne çıkardığı “Zeus’un yasası”, Antik Yunan dünyasında “xenia” denilen kutsal misafirperverlik kuralıdır.",panel_12.jpg,MEVCUT GÖRSEL KULLANILABİLİR,"Görsel, “TRUVA ATI VE ZEUS’UN YASASI” bölümünün mekânını, karakterini veya duygusal tonunu destekliyor ve cümlenin anlamıyla çelişmiyor.",zoom_out,crossfade
95,TRUVA ATI VE ZEUS’UN YASASI,618.71,627.009,10:18.710,10:27.009,8.299,"Otellerin ve yardım çağırma imkânının olmadığı bu dünyada yolcular yabancıların vereceği suya, yemeğe ve barınağa muhtaçtı.",panel_12.jpg,MEVCUT GÖRSEL KULLANILABİLİR,"Görsel, “TRUVA ATI VE ZEUS’UN YASASI” bölümünün mekânını, karakterini veya duygusal tonunu destekliyor ve cümlenin anlamıyla çelişmiyor.",pan_left,crossfade
96,TRUVA ATI VE ZEUS’UN YASASI,627.009,632.302,10:27.009,10:32.302,5.293,Bu yüzden ev sahibiyle misafir arasındaki güven kutsal sayılıyordu.,panel_12.jpg,MEVCUT GÖRSEL KULLANILABİLİR,"Görsel, “TRUVA ATI VE ZEUS’UN YASASI” bölümünün mekânını, karakterini veya duygusal tonunu destekliyor ve cümlenin anlamıyla çelişmiyor.",pan_right,crossfade
97,TRUVA ATI VE ZEUS’UN YASASI,632.302,638.454,10:32.302,10:38.454,6.152,Nolan’ın yorumunda Truva Atı’nın en büyük günahı yalnızca insanları öldürmesi değildir.,panel_02.jpg,MEVCUT GÖRSEL KULLANILABİLİR,"Görsel, cümledeki Troya/Truva bağlamını, tahta at veya hile temasını doğrudan destekliyor; anlatılan kişi/olayla çelişen bir unsur taşımıyor.",zoom_in,crossfade
98,TRUVA ATI VE ZEUS’UN YASASI,638.454,646.753,10:38.454,10:46.753,8.299,"Odysseus bir hediyeyi silaha dönüştürmüş ve insanların yabancılara, misafirlere ve armağanlara duyduğu kutsal güveni yok etmiştir.",panel_02.jpg,MEVCUT GÖRSEL KULLANILABİLİR,"Görsel, cümledeki Odysseus’u doğrudan destekliyor; anlatılan kişi/olayla çelişen bir unsur taşımıyor.",zoom_out,crossfade
99,TRUVA ATI VE ZEUS’UN YASASI,646.753,651.617,10:46.753,10:51.617,4.864,Nolan’ın kendi ifadesiyle Odysseus’un en büyük hatası attır.,panel_02.jpg,MEVCUT GÖRSEL KULLANILABİLİR,"Görsel, cümledeki tahta at veya hile temasını, Odysseus’u doğrudan destekliyor; anlatılan kişi/olayla çelişen bir unsur taşımıyor.",pan_left,crossfade
100,TRUVA ATI VE ZEUS’UN YASASI,651.617,659.057,10:51.617,10:59.057,7.44,"Film, Aeneis isimli Roma destanından Sinon adlı bir karakteri de bu olayın merkezine taşır.",Old Homer Writing The Iliad.png,MEVCUT GÖRSEL KULLANILABİLİR,"Görsel, “TRUVA ATI VE ZEUS’UN YASASI” bölümünün mekânını, karakterini veya duygusal tonunu destekliyor ve cümlenin anlamıyla çelişmiyor.",pan_right,crossfade
101,TRUVA ATI VE ZEUS’UN YASASI,659.057,667.785,10:59.057,11:07.785,8.728,"Aeneis, Homeros’tan yaklaşık yedi yüzyıl sonra yaşayan Roma ozanı Vergilius’un eseridir ve Troya’dan kaçan Aeneas’ın hikâyesini anlatır.",Old Homer Writing The Iliad.png,MEVCUT GÖRSEL KULLANILABİLİR,"Görsel, cümledeki tahta at veya hile temasını doğrudan destekliyor; anlatılan kişi/olayla çelişen bir unsur taşımıyor.",zoom_in,crossfade
102,TRUVA ATI VE ZEUS’UN YASASI,667.785,676.513,11:07.785,11:16.513,8.728,"Bu destanda Sinon, diğer askerler uzaklaşmış gibi görünürken geride kalır ve Troyalıları atı şehre almaya ikna eder.",panel_02.jpg,MEVCUT GÖRSEL KULLANILABİLİR,"Görsel, cümledeki tahta at veya hile temasını doğrudan destekliyor; anlatılan kişi/olayla çelişen bir unsur taşımıyor.",zoom_out,crossfade
103,TRUVA ATI VE ZEUS’UN YASASI,676.513,683.524,11:16.513,11:23.524,7.011,"Nolan onu, Odysseus’un planı uğruna kullandığı genç ve deneyimsiz bir asker olarak gösteriyor.",BLACK / NEW IMAGE NEEDED,YENİ GÖRSEL GEREKLİ,Kütüphanedeki mevcut görseller arasında bu cümleyi doğrudan ve yanlış çağrışım yaratmadan anlatan yeterince uygun bir görsel bulunmadığı için yeni görsel gerekli.,pan_left,crossfade
104,TRUVA ATI VE ZEUS’UN YASASI,683.524,688.388,11:23.524,11:28.388,4.864,Sinon’un kaderi daha sonra Odysseus’un suçluluğunu yüzüne vuracaktır.,panel_02.jpg,MEVCUT GÖRSEL KULLANILABİLİR,"Görsel, cümledeki Odysseus’u doğrudan destekliyor; anlatılan kişi/olayla çelişen bir unsur taşımıyor.",pan_right,crossfade
105,TRUVA ATI VE ZEUS’UN YASASI,688.388,691.105,11:28.388,11:31.105,2.717,Odysseus savaşı kazandı.,panel_04.jpg,MEVCUT GÖRSEL KULLANILABİLİR,"Görsel, cümledeki Odysseus’u, savaş atmosferini doğrudan destekliyor; anlatılan kişi/olayla çelişen bir unsur taşımıyor.",zoom_in,crossfade
106,TRUVA ATI VE ZEUS’UN YASASI,691.105,698.974,11:31.105,11:38.974,7.869,"Fakat Nolan’a göre bunu yaparken yalnız Troya’yı değil, kendi içindeki bir şeyi de yok etti.",panel_02.jpg,MEVCUT GÖRSEL KULLANILABİLİR,"Görsel, cümledeki tahta at veya hile temasını doğrudan destekliyor; anlatılan kişi/olayla çelişen bir unsur taşımıyor.",zoom_out,crossfade
107,TRUVA ATI VE ZEUS’UN YASASI,698.974,702.121,11:38.974,11:42.121,3.147,Şimdi eve dönmesi gerekiyor.,panel_04.jpg,MEVCUT GÖRSEL KULLANILABİLİR,"Görsel, “TRUVA ATI VE ZEUS’UN YASASI” bölümünün mekânını, karakterini veya duygusal tonunu destekliyor ve cümlenin anlamıyla çelişmiyor.",pan_left,crossfade
108,TRUVA ATI VE ZEUS’UN YASASI,702.121,712.137,11:42.121,11:52.137,10.016,"Ama Troya’da çiğnediği güven yasası, yolculuk boyunca farklı biçimlerde karşısına çıkacak: Ev sahibi misafire, misafir de ev sahibine nasıl davranmalı?",panel_12.jpg,MEVCUT GÖRSEL KULLANILABİLİR,"Görsel, “TRUVA ATI VE ZEUS’UN YASASI” bölümünün mekânını, karakterini veya duygusal tonunu destekliyor ve cümlenin anlamıyla çelişmiyor.",pan_right,crossfade
109,TRUVA ATI VE ZEUS’UN YASASI,712.137,720.436,11:52.137,12:00.436,8.299,"Ve Odysseus’un ilk kaybına bir tanrı ya da canavar değil, savaştan kopamayan kendi askerleri neden olacak.",BLACK / NEW IMAGE NEEDED,YENİ GÖRSEL GEREKLİ,Kütüphanedeki mevcut görseller arasında bu cümleyi doğrudan ve yanlış çağrışım yaratmadan anlatan yeterince uygun bir görsel bulunmadığı için yeni görsel gerekli.,zoom_in,crossfade
110,EVE DÖNÜŞÜN İLK GÜNAHLARI,720.436,726.588,12:00.436,12:06.588,6.152,Odysseus savaştan sonra on iki gemi ve yüzlerce adamla Troya’dan ayrıldı.,panel_05.jpg,MEVCUT GÖRSEL KULLANILABİLİR,"Görsel, cümledeki Odysseus’u, deniz yolculuğunu doğrudan destekliyor; anlatılan kişi/olayla çelişen bir unsur taşımıyor.",zoom_out,crossfade
111,EVE DÖNÜŞÜN İLK GÜNAHLARI,726.588,731.881,12:06.588,12:11.881,5.293,İlk duraklarından biri Kikones isimli halkın yaşadığı İsmaros şehriydi.,panel_14.jpg,MEVCUT GÖRSEL KULLANILABİLİR,"Görsel, “EVE DÖNÜŞÜN İLK GÜNAHLARI” bölümünün mekânını, karakterini veya duygusal tonunu destekliyor ve cümlenin anlamıyla çelişmiyor.",pan_left,crossfade
112,EVE DÖNÜŞÜN İLK GÜNAHLARI,731.881,735.027,12:11.881,12:15.027,3.147,Kikonesler savaşta Troyalıların müttefikiydi.,panel_14.jpg,MEVCUT GÖRSEL KULLANILABİLİR,"Görsel, cümledeki savaş atmosferini doğrudan destekliyor; anlatılan kişi/olayla çelişen bir unsur taşımıyor.",pan_right,crossfade
113,EVE DÖNÜŞÜN İLK GÜNAHLARI,735.027,739.891,12:15.027,12:19.891,4.864,Akhalar bu nedenle onları eski düşmanları olarak görüyordu.,BLACK / NEW IMAGE NEEDED,YENİ GÖRSEL GEREKLİ,Kütüphanedeki mevcut görseller arasında bu cümleyi doğrudan ve yanlış çağrışım yaratmadan anlatan yeterince uygun bir görsel bulunmadığı için yeni görsel gerekli.,zoom_in,crossfade
114,EVE DÖNÜŞÜN İLK GÜNAHLARI,739.891,743.467,12:19.891,12:23.467,3.576,Fakat bu durum yapılanları masumlaştırmıyordu.,BLACK / NEW IMAGE NEEDED,YENİ GÖRSEL GEREKLİ,Kütüphanedeki mevcut görseller arasında bu cümleyi doğrudan ve yanlış çağrışım yaratmadan anlatan yeterince uygun bir görsel bulunmadığı için yeni görsel gerekli.,zoom_out,crossfade
115,EVE DÖNÜŞÜN İLK GÜNAHLARI,743.467,749.19,12:23.467,12:29.190,5.723,"Odysseus ve adamları şehre saldırdı, insanları öldürdü ve mallarını yağmaladı.",panel_15.jpg,MEVCUT GÖRSEL KULLANILABİLİR,"Görsel, cümledeki Odysseus’u doğrudan destekliyor; anlatılan kişi/olayla çelişen bir unsur taşımıyor.",pan_left,crossfade
116,EVE DÖNÜŞÜN İLK GÜNAHLARI,749.19,753.624,12:29.190,12:33.624,4.435,"Odysseus, adamlarına aldıkları ganimetle hemen ayrılmalarını söyledi.",panel_16.jpg,MEVCUT GÖRSEL KULLANILABİLİR,"Görsel, cümledeki Odysseus’u doğrudan destekliyor; anlatılan kişi/olayla çelişen bir unsur taşımıyor.",pan_right,crossfade
117,EVE DÖNÜŞÜN İLK GÜNAHLARI,753.624,756.771,12:33.624,12:36.771,3.147,Fakat askerler onu dinlemedi.,panel_16.jpg,MEVCUT GÖRSEL KULLANILABİLİR,"Görsel, cümledeki tahta at veya hile temasını doğrudan destekliyor; anlatılan kişi/olayla çelişen bir unsur taşımıyor.",zoom_in,crossfade
118,EVE DÖNÜŞÜN İLK GÜNAHLARI,756.771,761.205,12:36.771,12:41.205,4.435,Sahilde kalıp yemeye ve içmeye devam ettiler.,BLACK / NEW IMAGE NEEDED,YENİ GÖRSEL GEREKLİ,Kütüphanedeki mevcut görseller arasında bu cümleyi doğrudan ve yanlış çağrışım yaratmadan anlatan yeterince uygun bir görsel bulunmadığı için yeni görsel gerekli.,zoom_out,crossfade
119,EVE DÖNÜŞÜN İLK GÜNAHLARI,761.205,766.499,12:41.205,12:46.499,5.293,Kaçmayı başaran Kikonesler çevreden yardım topladı ve geri döndü.,panel_14.jpg,MEVCUT GÖRSEL KULLANILABİLİR,"Görsel, “EVE DÖNÜŞÜN İLK GÜNAHLARI” bölümünün mekânını, karakterini veya duygusal tonunu destekliyor ve cümlenin anlamıyla çelişmiyor.",pan_left,crossfade
120,EVE DÖNÜŞÜN İLK GÜNAHLARI,766.499,770.075,12:46.499,12:50.075,3.576,Odysseus’un ordusu ağır kayıplar verdi.,panel_15.jpg,MEVCUT GÖRSEL KULLANILABİLİR,"Görsel, cümledeki Odysseus’u doğrudan destekliyor; anlatılan kişi/olayla çelişen bir unsur taşımıyor.",pan_right,crossfade
121,EVE DÖNÜŞÜN İLK GÜNAHLARI,770.075,773.221,12:50.075,12:53.221,3.147,Bu bölüm çok önemli.,BLACK / NEW IMAGE NEEDED,YENİ GÖRSEL GEREKLİ,Kütüphanedeki mevcut görseller arasında bu cümleyi doğrudan ve yanlış çağrışım yaratmadan anlatan yeterince uygun bir görsel bulunmadığı için yeni görsel gerekli.,zoom_in,crossfade
122,EVE DÖNÜŞÜN İLK GÜNAHLARI,773.221,780.232,12:53.221,13:00.232,7.011,Çünkü Odysseus ve arkadaşlarının yalnızca başlarına kötü şeyler gelen masum yolcular olmadıklarını gösteriyor.,BLACK / NEW IMAGE NEEDED,YENİ GÖRSEL GEREKLİ,Kütüphanedeki mevcut görseller arasında bu cümleyi doğrudan ve yanlış çağrışım yaratmadan anlatan yeterince uygun bir görsel bulunmadığı için yeni görsel gerekli.,zoom_out,crossfade
123,EVE DÖNÜŞÜN İLK GÜNAHLARI,780.232,787.242,13:00.232,13:07.242,7.011,Onlar on yıldır savaşan ve şiddeti gündelik hayatın bir parçası hâline getiren askerlerdi.,panel_15.jpg,MEVCUT GÖRSEL KULLANILABİLİR,"Görsel, cümledeki tahta at veya hile temasını, savaş atmosferini doğrudan destekliyor; anlatılan kişi/olayla çelişen bir unsur taşımıyor.",pan_left,crossfade
124,EVE DÖNÜŞÜN İLK GÜNAHLARI,787.242,792.106,13:07.242,13:12.106,4.864,Troya’dan ayrılmışlardı ama savaşı içlerinde taşımaya devam ediyorlardı.,BLACK / NEW IMAGE NEEDED,YENİ GÖRSEL GEREKLİ,Kütüphanedeki mevcut görseller arasında bu cümleyi doğrudan ve yanlış çağrışım yaratmadan anlatan yeterince uygun bir görsel bulunmadığı için yeni görsel gerekli.,pan_right,crossfade
125,EVE DÖNÜŞÜN İLK GÜNAHLARI,792.106,796.97,13:12.106,13:16.970,4.864,İlk durakta onları tehlikeye atan şey şiddetten vazgeçememeleriydi.,panel_15.jpg,MEVCUT GÖRSEL KULLANILABİLİR,"Görsel, cümledeki tahta at veya hile temasını doğrudan destekliyor; anlatılan kişi/olayla çelişen bir unsur taşımıyor.",zoom_in,crossfade
126,EVE DÖNÜŞÜN İLK GÜNAHLARI,796.97,803.552,13:16.970,13:23.552,6.581,Bir sonraki durakta ise tehlike bunun tam tersi olacaktı: Her şeyi unutmak.,panel_06.jpg,MEVCUT GÖRSEL KULLANILABİLİR,"Görsel, “EVE DÖNÜŞÜN İLK GÜNAHLARI” bölümünün mekânını, karakterini veya duygusal tonunu destekliyor ve cümlenin anlamıyla çelişmiyor.",zoom_out,crossfade
127,EVE DÖNÜŞÜN İLK GÜNAHLARI,803.552,807.986,13:23.552,13:27.986,4.435,Bir sonraki durakları Lotus Yiyenlerin ülkesi oldu.,panel_07.jpg,MEVCUT GÖRSEL KULLANILABİLİR,"Görsel, cümledeki lotus ve unutma temasını doğrudan destekliyor; anlatılan kişi/olayla çelişen bir unsur taşımıyor.",pan_left,crossfade
128,EVE DÖNÜŞÜN İLK GÜNAHLARI,807.986,814.997,13:27.986,13:34.997,7.011,Burada yetişen gizemli bir bitkiden yiyen insanlar geçmişlerini ve evlerine dönme isteklerini unutuyordu.,panel_07.jpg,MEVCUT GÖRSEL KULLANILABİLİR,"Görsel, “EVE DÖNÜŞÜN İLK GÜNAHLARI” bölümünün mekânını, karakterini veya duygusal tonunu destekliyor ve cümlenin anlamıyla çelişmiyor.",pan_right,crossfade
129,EVE DÖNÜŞÜN İLK GÜNAHLARI,814.997,822.008,13:34.997,13:42.008,7.011,Odysseus’un keşif için gönderdiği üç adam lotus yedi ve artık İthaka’ya dönmek istemedi.,panel_07.jpg,MEVCUT GÖRSEL KULLANILABİLİR,"Görsel, cümledeki Odysseus’u, İthaka ve eve dönüş temasını doğrudan destekliyor; anlatılan kişi/olayla çelişen bir unsur taşımıyor.",zoom_in,crossfade
130,EVE DÖNÜŞÜN İLK GÜNAHLARI,822.008,826.871,13:42.008,13:46.871,4.864,Odysseus onları zorla gemiye götürdü ve küreklere bağlattı.,panel_16.jpg,MEVCUT GÖRSEL KULLANILABİLİR,"Görsel, cümledeki tahta at veya hile temasını, Odysseus’u doğrudan destekliyor; anlatılan kişi/olayla çelişen bir unsur taşımıyor.",zoom_out,crossfade
131,EVE DÖNÜŞÜN İLK GÜNAHLARI,826.871,830.877,13:46.871,13:50.877,4.005,Homeros’ta Lotus Yiyenler ayrı bir maceradır.,panel_07.jpg,MEVCUT GÖRSEL KULLANILABİLİR,"Görsel, cümledeki lotus ve unutma temasını doğrudan destekliyor; anlatılan kişi/olayla çelişen bir unsur taşımıyor.",pan_left,crossfade
132,EVE DÖNÜŞÜN İLK GÜNAHLARI,830.877,835.311,13:50.877,13:55.311,4.435,Nolan ise bu bölümü o şekilde kullanmaz.,BLACK / NEW IMAGE NEEDED,YENİ GÖRSEL GEREKLİ,Kütüphanedeki mevcut görseller arasında bu cümleyi doğrudan ve yanlış çağrışım yaratmadan anlatan yeterince uygun bir görsel bulunmadığı için yeni görsel gerekli.,pan_right,crossfade
133,EVE DÖNÜŞÜN İLK GÜNAHLARI,835.311,841.034,13:55.311,14:01.034,5.723,Unutmaya yol açan lotus çiçeğini daha sonra Kalypso’nun eline verir.,panel_06.jpg,MEVCUT GÖRSEL KULLANILABİLİR,"Görsel, cümledeki Kalypso bölümünü, lotus ve unutma temasını doğrudan destekliyor; anlatılan kişi/olayla çelişen bir unsur taşımıyor.",zoom_in,crossfade
134,EVE DÖNÜŞÜN İLK GÜNAHLARI,841.034,846.327,14:01.034,14:06.327,5.293,Bu değişiklik filmin hafıza ve savaş travması temasını güçlendirir.,panel_06.jpg,MEVCUT GÖRSEL KULLANILABİLİR,"Görsel, cümledeki savaş atmosferini doğrudan destekliyor; anlatılan kişi/olayla çelişen bir unsur taşımıyor.",zoom_out,crossfade
135,EVE DÖNÜŞÜN İLK GÜNAHLARI,846.327,852.908,14:06.327,14:12.908,6.581,"Odysseus, lotus yiyen adamlarını zorla da olsa eve dönüş yolunda tutmayı başardı.",panel_08.jpg,MEVCUT GÖRSEL KULLANILABİLİR,"Görsel, cümledeki Odysseus’u, lotus ve unutma temasını doğrudan destekliyor; anlatılan kişi/olayla çelişen bir unsur taşımıyor.",pan_left,crossfade
136,EVE DÖNÜŞÜN İLK GÜNAHLARI,852.908,861.207,14:12.908,14:21.207,8.299,"Fakat bir sonraki durakta yalnızca eve dönme istekleri değil, kutsal misafirperverlik yasasına duydukları güven de sınanacaktı.",BLACK / NEW IMAGE NEEDED,YENİ GÖRSEL GEREKLİ,Kütüphanedeki mevcut görseller arasında bu cümleyi doğrudan ve yanlış çağrışım yaratmadan anlatan yeterince uygun bir görsel bulunmadığı için yeni görsel gerekli.,pan_right,crossfade
137,EVE DÖNÜŞÜN İLK GÜNAHLARI,861.207,868.218,14:21.207,14:28.218,7.011,"Çünkü sığınacak bir yer bulduklarını düşünerek girdikleri mağara, Odysseus’un en meşhur düşmanına aitti.",panel_17.jpg,MEVCUT GÖRSEL KULLANILABİLİR,"Görsel, cümledeki Odysseus’u, mağara sahnesini doğrudan destekliyor; anlatılan kişi/olayla çelişen bir unsur taşımıyor.",zoom_in,crossfade
138,"POLYPHEMOS: ZEKÂ ONU KURTARDI, GURURU ELE VERDİ",868.218,873.941,14:28.218,14:33.941,5.723,Odysseus ve adamları büyük bir mağaranın bulunduğu bir adaya ulaştı.,panel_17.jpg,MEVCUT GÖRSEL KULLANILABİLİR,"Görsel, cümledeki Odysseus’u, mağara sahnesini doğrudan destekliyor; anlatılan kişi/olayla çelişen bir unsur taşımıyor.",zoom_out,crossfade
139,"POLYPHEMOS: ZEKÂ ONU KURTARDI, GURURU ELE VERDİ",873.941,878.804,14:33.941,14:38.804,4.864,"Mağaranın içinde koyunlar, keçiler, süt ve peynir vardı.",panel_17.jpg,MEVCUT GÖRSEL KULLANILABİLİR,"Görsel, cümledeki mağara sahnesini, koyunlarla kaçış planını doğrudan destekliyor; anlatılan kişi/olayla çelişen bir unsur taşımıyor.",pan_left,crossfade
140,"POLYPHEMOS: ZEKÂ ONU KURTARDI, GURURU ELE VERDİ",878.804,882.81,14:38.804,14:42.810,4.005,Adamları yiyeceklerden alıp hemen gitmek istedi.,BLACK / NEW IMAGE NEEDED,YENİ GÖRSEL GEREKLİ,Kütüphanedeki mevcut görseller arasında bu cümleyi doğrudan ve yanlış çağrışım yaratmadan anlatan yeterince uygun bir görsel bulunmadığı için yeni görsel gerekli.,pan_right,crossfade
141,"POLYPHEMOS: ZEKÂ ONU KURTARDI, GURURU ELE VERDİ",882.81,889.82,14:42.810,14:49.820,7.011,Fakat Odysseus mağaranın sahibini görmeye ve ondan bir misafir hediyesi almaya karar verdi.,panel_17.jpg,MEVCUT GÖRSEL KULLANILABİLİR,"Görsel, cümledeki tahta at veya hile temasını, Odysseus’u doğrudan destekliyor; anlatılan kişi/olayla çelişen bir unsur taşımıyor.",zoom_in,crossfade
142,"POLYPHEMOS: ZEKÂ ONU KURTARDI, GURURU ELE VERDİ",889.82,894.255,14:49.820,14:54.255,4.435,Bu beklentinin arkasında yine misafirperverlik yasası vardı.,panel_17.jpg,MEVCUT GÖRSEL KULLANILABİLİR,"Görsel, “POLYPHEMOS: ZEKÂ ONU KURTARDI, GURURU ELE VERDİ” bölümünün mekânını, karakterini veya duygusal tonunu destekliyor ve cümlenin anlamıyla çelişmiyor.",zoom_out,crossfade
143,"POLYPHEMOS: ZEKÂ ONU KURTARDI, GURURU ELE VERDİ",894.255,898.689,14:54.255,14:58.689,4.435,Fakat mağaranın sahibi Polyphemos isimli bir Kiklop’tu.,panel_18.jpg,MEVCUT GÖRSEL KULLANILABİLİR,"Görsel, cümledeki tahta at veya hile temasını, Polyphemos/Kiklop olayını doğrudan destekliyor; anlatılan kişi/olayla çelişen bir unsur taşımıyor.",pan_left,crossfade
144,"POLYPHEMOS: ZEKÂ ONU KURTARDI, GURURU ELE VERDİ",898.689,903.553,14:58.689,15:03.553,4.864,"Kikloplar, tek gözlü devler olarak anlatılan mitolojik yaratıklardı.",panel_18.jpg,MEVCUT GÖRSEL KULLANILABİLİR,"Görsel, cümledeki tahta at veya hile temasını doğrudan destekliyor; anlatılan kişi/olayla çelişen bir unsur taşımıyor.",pan_right,crossfade
145,"POLYPHEMOS: ZEKÂ ONU KURTARDI, GURURU ELE VERDİ",903.553,907.559,15:03.553,15:07.559,4.005,Polyphemos ise sıradan bir dev değildi.,panel_18.jpg,MEVCUT GÖRSEL KULLANILABİLİR,"Görsel, cümledeki Polyphemos/Kiklop olayını doğrudan destekliyor; anlatılan kişi/olayla çelişen bir unsur taşımıyor.",zoom_in,crossfade
146,"POLYPHEMOS: ZEKÂ ONU KURTARDI, GURURU ELE VERDİ",907.559,911.564,15:07.559,15:11.564,4.005,Denizlerin ve depremlerin tanrısı Poseidon’un oğluydu.,panel_22.jpg,MEVCUT GÖRSEL KULLANILABİLİR,"Görsel, cümledeki Poseidon ve deniz tehdidini doğrudan destekliyor; anlatılan kişi/olayla çelişen bir unsur taşımıyor.",zoom_out,crossfade
147,"POLYPHEMOS: ZEKÂ ONU KURTARDI, GURURU ELE VERDİ",911.564,917.716,15:11.564,15:17.716,6.152,Polyphemos mağaraya döndüğünde girişe yalnız kendisinin kaldırabileceği dev bir kaya yerleştirdi.,panel_18.jpg,MEVCUT GÖRSEL KULLANILABİLİR,"Görsel, cümledeki Polyphemos/Kiklop olayını, mağara sahnesini doğrudan destekliyor; anlatılan kişi/olayla çelişen bir unsur taşımıyor.",pan_left,crossfade
148,"POLYPHEMOS: ZEKÂ ONU KURTARDI, GURURU ELE VERDİ",917.716,923.009,15:17.716,15:23.009,5.293,"Odysseus, Zeus’un koruduğu misafirlik yasasını hatırlatarak ondan yardım istedi.",BLACK / NEW IMAGE NEEDED,YENİ GÖRSEL GEREKLİ,Kütüphanedeki mevcut görseller arasında bu cümleyi doğrudan ve yanlış çağrışım yaratmadan anlatan yeterince uygun bir görsel bulunmadığı için yeni görsel gerekli.,pan_right,crossfade
149,"POLYPHEMOS: ZEKÂ ONU KURTARDI, GURURU ELE VERDİ",923.009,927.014,15:23.009,15:27.014,4.005,Polyphemos ise bu yasayı umursamadığını söyledi.,panel_18.jpg,MEVCUT GÖRSEL KULLANILABİLİR,"Görsel, cümledeki Polyphemos/Kiklop olayını doğrudan destekliyor; anlatılan kişi/olayla çelişen bir unsur taşımıyor.",zoom_in,crossfade
150,"POLYPHEMOS: ZEKÂ ONU KURTARDI, GURURU ELE VERDİ",927.014,931.449,15:27.014,15:31.449,4.435,Ardından Odysseus’un adamlarından bazılarını yakalayıp yemeye başladı.,panel_18.jpg,MEVCUT GÖRSEL KULLANILABİLİR,"Görsel, cümledeki Odysseus’u doğrudan destekliyor; anlatılan kişi/olayla çelişen bir unsur taşımıyor.",zoom_out,crossfade
151,"POLYPHEMOS: ZEKÂ ONU KURTARDI, GURURU ELE VERDİ",931.449,935.454,15:31.449,15:35.454,4.005,Odysseus ve diğerleri mağarada kapana kısılmıştı.,panel_18.jpg,MEVCUT GÖRSEL KULLANILABİLİR,"Görsel, cümledeki Odysseus’u, mağara sahnesini doğrudan destekliyor; anlatılan kişi/olayla çelişen bir unsur taşımıyor.",pan_left,crossfade
152,"POLYPHEMOS: ZEKÂ ONU KURTARDI, GURURU ELE VERDİ",935.454,938.171,15:35.454,15:38.171,2.717,Devi uyurken öldürebilirlerdi.,panel_18.jpg,MEVCUT GÖRSEL KULLANILABİLİR,"Görsel, “POLYPHEMOS: ZEKÂ ONU KURTARDI, GURURU ELE VERDİ” bölümünün mekânını, karakterini veya duygusal tonunu destekliyor ve cümlenin anlamıyla çelişmiyor.",pan_right,crossfade
153,"POLYPHEMOS: ZEKÂ ONU KURTARDI, GURURU ELE VERDİ",938.171,945.182,15:38.171,15:45.182,7.011,Fakat o zaman mağaranın girişindeki kayayı kimse hareket ettiremeyecek ve içeride mahsur kalacaklardı.,panel_18.jpg,MEVCUT GÖRSEL KULLANILABİLİR,"Görsel, cümledeki tahta at veya hile temasını, mağara sahnesini doğrudan destekliyor; anlatılan kişi/olayla çelişen bir unsur taşımıyor.",zoom_in,crossfade
154,"POLYPHEMOS: ZEKÂ ONU KURTARDI, GURURU ELE VERDİ",945.182,948.328,15:45.182,15:48.328,3.147,Odysseus yine zekâsını kullandı.,BLACK / NEW IMAGE NEEDED,YENİ GÖRSEL GEREKLİ,Kütüphanedeki mevcut görseller arasında bu cümleyi doğrudan ve yanlış çağrışım yaratmadan anlatan yeterince uygun bir görsel bulunmadığı için yeni görsel gerekli.,zoom_out,crossfade
155,"POLYPHEMOS: ZEKÂ ONU KURTARDI, GURURU ELE VERDİ",948.328,952.334,15:48.328,15:52.334,4.005,Polyphemos’a çok güçlü bir şarap verdi.,panel_19.jpg,MEVCUT GÖRSEL KULLANILABİLİR,"Görsel, cümledeki Polyphemos/Kiklop olayını doğrudan destekliyor; anlatılan kişi/olayla çelişen bir unsur taşımıyor.",pan_left,crossfade
156,"POLYPHEMOS: ZEKÂ ONU KURTARDI, GURURU ELE VERDİ",952.334,956.339,15:52.334,15:56.339,4.005,Dev sarhoş olduğunda Odysseus’a adını sordu.,panel_18.jpg,MEVCUT GÖRSEL KULLANILABİLİR,"Görsel, cümledeki Odysseus’u doğrudan destekliyor; anlatılan kişi/olayla çelişen bir unsur taşımıyor.",pan_right,crossfade
157,"POLYPHEMOS: ZEKÂ ONU KURTARDI, GURURU ELE VERDİ",956.339,959.485,15:56.339,15:59.485,3.147,Odysseus gerçek adını söylemedi.,panel_21.jpg,MEVCUT GÖRSEL KULLANILABİLİR,"Görsel, cümledeki Odysseus’u doğrudan destekliyor; anlatılan kişi/olayla çelişen bir unsur taşımıyor.",zoom_in,crossfade
158,"POLYPHEMOS: ZEKÂ ONU KURTARDI, GURURU ELE VERDİ",959.485,963.061,15:59.485,16:03.061,3.576,"“Benim adım Hiç Kimse,” dedi.",panel_19.jpg,MEVCUT GÖRSEL KULLANILABİLİR,"Görsel, “POLYPHEMOS: ZEKÂ ONU KURTARDI, GURURU ELE VERDİ” bölümünün mekânını, karakterini veya duygusal tonunu destekliyor ve cümlenin anlamıyla çelişmiyor.",zoom_out,crossfade
159,"POLYPHEMOS: ZEKÂ ONU KURTARDI, GURURU ELE VERDİ",963.061,969.643,16:03.061,16:09.643,6.581,Polyphemos uykuya daldığında Odysseus ve adamları büyük bir tahta kazığı ateşte sertleştirdi.,panel_19.jpg,MEVCUT GÖRSEL KULLANILABİLİR,"Görsel, cümledeki tahta at veya hile temasını, Odysseus’u doğrudan destekliyor; anlatılan kişi/olayla çelişen bir unsur taşımıyor.",pan_left,crossfade
160,"POLYPHEMOS: ZEKÂ ONU KURTARDI, GURURU ELE VERDİ",969.643,974.936,16:09.643,16:14.936,5.293,Ardından kazığı devin tek gözüne saplayarak onu kör ettiler.,panel_19.jpg,MEVCUT GÖRSEL KULLANILABİLİR,"Görsel, “POLYPHEMOS: ZEKÂ ONU KURTARDI, GURURU ELE VERDİ” bölümünün mekânını, karakterini veya duygusal tonunu destekliyor ve cümlenin anlamıyla çelişmiyor.",pan_right,crossfade
161,"POLYPHEMOS: ZEKÂ ONU KURTARDI, GURURU ELE VERDİ",974.936,980.658,16:14.936,16:20.658,5.723,Polyphemos acı içinde bağırınca adadaki diğer Kikloplar mağaranın dışına geldi.,panel_18.jpg,MEVCUT GÖRSEL KULLANILABİLİR,"Görsel, cümledeki Polyphemos/Kiklop olayını, mağara sahnesini doğrudan destekliyor; anlatılan kişi/olayla çelişen bir unsur taşımıyor.",zoom_in,crossfade
162,"POLYPHEMOS: ZEKÂ ONU KURTARDI, GURURU ELE VERDİ",980.658,983.805,16:20.658,16:23.805,3.147,Ona kimin saldırdığını sordular.,BLACK / NEW IMAGE NEEDED,YENİ GÖRSEL GEREKLİ,Kütüphanedeki mevcut görseller arasında bu cümleyi doğrudan ve yanlış çağrışım yaratmadan anlatan yeterince uygun bir görsel bulunmadığı için yeni görsel gerekli.,zoom_out,crossfade
163,"POLYPHEMOS: ZEKÂ ONU KURTARDI, GURURU ELE VERDİ",983.805,988.24,16:23.805,16:28.240,4.435,"Polyphemos, “Hiç Kimse beni öldürüyor!” diye bağırdı.",panel_19.jpg,MEVCUT GÖRSEL KULLANILABİLİR,"Görsel, cümledeki Polyphemos/Kiklop olayını doğrudan destekliyor; anlatılan kişi/olayla çelişen bir unsur taşımıyor.",pan_left,crossfade
164,"POLYPHEMOS: ZEKÂ ONU KURTARDI, GURURU ELE VERDİ",988.24,993.103,16:28.240,16:33.103,4.864,Diğer Kikloplar kimse saldırmıyorsa yardım edemeyeceklerini düşünüp uzaklaştı.,panel_18.jpg,MEVCUT GÖRSEL KULLANILABİLİR,"Görsel, “POLYPHEMOS: ZEKÂ ONU KURTARDI, GURURU ELE VERDİ” bölümünün mekânını, karakterini veya duygusal tonunu destekliyor ve cümlenin anlamıyla çelişmiyor.",pan_right,crossfade
165,"POLYPHEMOS: ZEKÂ ONU KURTARDI, GURURU ELE VERDİ",993.103,1000.973,16:33.103,16:40.973,7.869,Ertesi sabah Polyphemos koyunlarını dışarı çıkarırken insanların kaçmasını engellemek için hayvanların sırtlarını elleriyle kontrol etti.,panel_18.jpg,MEVCUT GÖRSEL KULLANILABİLİR,"Görsel, cümledeki Polyphemos/Kiklop olayını, koyunlarla kaçış planını doğrudan destekliyor; anlatılan kişi/olayla çelişen bir unsur taşımıyor.",zoom_in,crossfade
166,"POLYPHEMOS: ZEKÂ ONU KURTARDI, GURURU ELE VERDİ",1000.973,1006.695,16:40.973,16:46.695,5.723,"Fakat Odysseus ve adamları koyunların sırtına değil, karınlarının altına tutunmuştu.",panel_20.jpg,MEVCUT GÖRSEL KULLANILABİLİR,"Görsel, cümledeki tahta at veya hile temasını, Odysseus’u doğrudan destekliyor; anlatılan kişi/olayla çelişen bir unsur taşımıyor.",zoom_out,crossfade
167,"POLYPHEMOS: ZEKÂ ONU KURTARDI, GURURU ELE VERDİ",1006.695,1009.842,16:46.695,16:49.842,3.147,Böylece mağaradan kaçmayı başardılar.,panel_20.jpg,MEVCUT GÖRSEL KULLANILABİLİR,"Görsel, cümledeki mağara sahnesini doğrudan destekliyor; anlatılan kişi/olayla çelişen bir unsur taşımıyor.",pan_left,crossfade
168,"POLYPHEMOS: ZEKÂ ONU KURTARDI, GURURU ELE VERDİ",1009.842,1013.418,16:49.842,16:53.418,3.576,Odysseus’un planı kusursuza yakın işlemişti.,panel_19.jpg,MEVCUT GÖRSEL KULLANILABİLİR,"Görsel, cümledeki Odysseus’u doğrudan destekliyor; anlatılan kişi/olayla çelişen bir unsur taşımıyor.",pan_right,crossfade
169,"POLYPHEMOS: ZEKÂ ONU KURTARDI, GURURU ELE VERDİ",1013.418,1019.14,16:53.418,16:59.140,5.723,"Sonra Odysseus, yaptığı bütün planı tehlikeye atan bir hata yaptı.",panel_19.jpg,MEVCUT GÖRSEL KULLANILABİLİR,"Görsel, cümledeki tahta at veya hile temasını, Odysseus’u doğrudan destekliyor; anlatılan kişi/olayla çelişen bir unsur taşımıyor.",zoom_in,crossfade
170,"POLYPHEMOS: ZEKÂ ONU KURTARDI, GURURU ELE VERDİ",1019.14,1024.004,16:59.140,17:04.004,4.864,Gemiye ulaştıklarında arkadaşları ona sessiz kalması için yalvardı.,panel_21.jpg,MEVCUT GÖRSEL KULLANILABİLİR,"Görsel, cümledeki deniz yolculuğunu doğrudan destekliyor; anlatılan kişi/olayla çelişen bir unsur taşımıyor.",zoom_out,crossfade
171,"POLYPHEMOS: ZEKÂ ONU KURTARDI, GURURU ELE VERDİ",1024.004,1036.167,17:04.004,17:16.167,12.163,Fakat Odysseus kıyıdaki kör deve seslendi ve gerçek adını açıkladı: “Bunu sana yapan kişi İthaka Kralı Odysseus’tur.” Kazandığı zaferin kime ait olduğunu herkesin bilmesini istiyordu.,panel_21.jpg,MEVCUT GÖRSEL KULLANILABİLİR,"Görsel, cümledeki tahta at veya hile temasını, Odysseus’u doğrudan destekliyor; anlatılan kişi/olayla çelişen bir unsur taşımıyor.",pan_left,crossfade
172,"POLYPHEMOS: ZEKÂ ONU KURTARDI, GURURU ELE VERDİ",1036.167,1040.173,17:16.167,17:20.173,4.005,"Gururu, onun en belirgin zayıflıklarından biriydi.",panel_21.jpg,MEVCUT GÖRSEL KULLANILABİLİR,"Görsel, “POLYPHEMOS: ZEKÂ ONU KURTARDI, GURURU ELE VERDİ” bölümünün mekânını, karakterini veya duygusal tonunu destekliyor ve cümlenin anlamıyla çelişmiyor.",pan_right,crossfade
173,"POLYPHEMOS: ZEKÂ ONU KURTARDI, GURURU ELE VERDİ",1040.173,1045.036,17:20.173,17:25.036,4.864,Polyphemos gerçek adını öğrenince babası Poseidon’a dua etti.,panel_21.jpg,MEVCUT GÖRSEL KULLANILABİLİR,"Görsel, cümledeki Poseidon ve deniz tehdidini, Polyphemos/Kiklop olayını doğrudan destekliyor; anlatılan kişi/olayla çelişen bir unsur taşımıyor.",zoom_in,crossfade
174,"POLYPHEMOS: ZEKÂ ONU KURTARDI, GURURU ELE VERDİ",1045.036,1054.623,17:25.036,17:34.623,9.587,"Odysseus’un evine dönememesini; dönmesi kaderinde varsa da bütün arkadaşlarını kaybettikten sonra, yıllar süren acılı bir yolculuğun sonunda dönmesini istedi.",BLACK / NEW IMAGE NEEDED,YENİ GÖRSEL GEREKLİ,Kütüphanedeki mevcut görseller arasında bu cümleyi doğrudan ve yanlış çağrışım yaratmadan anlatan yeterince uygun bir görsel bulunmadığı için yeni görsel gerekli.,zoom_out,crossfade
175,"POLYPHEMOS: ZEKÂ ONU KURTARDI, GURURU ELE VERDİ",1054.623,1057.77,17:34.623,17:37.770,3.147,Poseidon oğlunun duasını duydu.,panel_22.jpg,MEVCUT GÖRSEL KULLANILABİLİR,"Görsel, cümledeki Poseidon ve deniz tehdidini doğrudan destekliyor; anlatılan kişi/olayla çelişen bir unsur taşımıyor.",pan_left,crossfade
176,"POLYPHEMOS: ZEKÂ ONU KURTARDI, GURURU ELE VERDİ",1057.77,1064.351,17:37.770,17:44.351,6.581,"Odysseus’un zekâsı onu mağaradan kurtarmış, fakat gururu denizlerin tanrısını düşmanı hâline getirmişti.",panel_21.jpg,MEVCUT GÖRSEL KULLANILABİLİR,"Görsel, cümledeki tahta at veya hile temasını, Odysseus’u doğrudan destekliyor; anlatılan kişi/olayla çelişen bir unsur taşımıyor.",pan_right,crossfade
177,"POLYPHEMOS: ZEKÂ ONU KURTARDI, GURURU ELE VERDİ",1064.351,1070.074,17:44.351,17:50.074,5.723,"Şarap, “Hiç Kimse” adı ve koyunların altına saklanma oyunu Homeros’tadır.",panel_20.jpg,MEVCUT GÖRSEL KULLANILABİLİR,"Görsel, cümledeki koyunlarla kaçış planını doğrudan destekliyor; anlatılan kişi/olayla çelişen bir unsur taşımıyor.",zoom_in,crossfade
178,"POLYPHEMOS: ZEKÂ ONU KURTARDI, GURURU ELE VERDİ",1070.074,1074.508,17:50.074,17:54.508,4.435,Nolan ise bu ünlü kelime oyununu çıkarır.,BLACK / NEW IMAGE NEEDED,YENİ GÖRSEL GEREKLİ,Kütüphanedeki mevcut görseller arasında bu cümleyi doğrudan ve yanlış çağrışım yaratmadan anlatan yeterince uygun bir görsel bulunmadığı için yeni görsel gerekli.,zoom_out,crossfade
179,"POLYPHEMOS: ZEKÂ ONU KURTARDI, GURURU ELE VERDİ",1074.508,1081.09,17:54.508,18:01.090,6.581,Filmde askerler Polyphemos’un konuşabildiğini başlangıçta bilmez ve koyunların sırtlarına ot bağlayarak kaçar.,panel_18.jpg,MEVCUT GÖRSEL KULLANILABİLİR,"Görsel, cümledeki Polyphemos/Kiklop olayını, koyunlarla kaçış planını doğrudan destekliyor; anlatılan kişi/olayla çelişen bir unsur taşımıyor.",pan_left,crossfade
180,"POLYPHEMOS: ZEKÂ ONU KURTARDI, GURURU ELE VERDİ",1081.09,1087.242,18:01.090,18:07.242,6.152,"Odysseus ayrıca gemiden, zaten kör edilen Polyphemos’un gözüne bir ok atar.",panel_19.jpg,MEVCUT GÖRSEL KULLANILABİLİR,"Görsel, cümledeki tahta at veya hile temasını, Odysseus’u doğrudan destekliyor; anlatılan kişi/olayla çelişen bir unsur taşımıyor.",pan_right,crossfade
181,"POLYPHEMOS: ZEKÂ ONU KURTARDI, GURURU ELE VERDİ",1087.242,1093.823,18:07.242,18:13.823,6.581,Nolan böylece uzun zekâ oyununu daha fiziksel ve acımasız bir çatışmaya dönüştürür.,BLACK / NEW IMAGE NEEDED,YENİ GÖRSEL GEREKLİ,Kütüphanedeki mevcut görseller arasında bu cümleyi doğrudan ve yanlış çağrışım yaratmadan anlatan yeterince uygun bir görsel bulunmadığı için yeni görsel gerekli.,zoom_in,crossfade
182,"POLYPHEMOS: ZEKÂ ONU KURTARDI, GURURU ELE VERDİ",1093.823,1100.834,18:13.823,18:20.834,7.011,"Homeros’un kurnaz hikâye kahramanı, savaşın şiddetini gittiği her yere taşıyan bir askere yaklaşır.",BLACK / NEW IMAGE NEEDED,YENİ GÖRSEL GEREKLİ,Kütüphanedeki mevcut görseller arasında bu cümleyi doğrudan ve yanlış çağrışım yaratmadan anlatan yeterince uygun bir görsel bulunmadığı için yeni görsel gerekli.,zoom_out,crossfade
183,"POLYPHEMOS: ZEKÂ ONU KURTARDI, GURURU ELE VERDİ",1100.834,1107.415,18:20.834,18:27.415,6.581,"Yöntem değişse de sonuç aynıdır: Polyphemos yaralanmış, Poseidon ise Odysseus’un düşmanı olmuştur.",panel_22.jpg,MEVCUT GÖRSEL KULLANILABİLİR,"Görsel, cümledeki Odysseus’u, Poseidon ve deniz tehdidini doğrudan destekliyor; anlatılan kişi/olayla çelişen bir unsur taşımıyor.",pan_left,crossfade
184,"POLYPHEMOS: ZEKÂ ONU KURTARDI, GURURU ELE VERDİ",1107.415,1113.567,18:27.415,18:33.567,6.152,Bu andan itibaren deniz artık yalnızca eve uzanan bir yol değildir.,BLACK / NEW IMAGE NEEDED,YENİ GÖRSEL GEREKLİ,Kütüphanedeki mevcut görseller arasında bu cümleyi doğrudan ve yanlış çağrışım yaratmadan anlatan yeterince uygun bir görsel bulunmadığı için yeni görsel gerekli.,pan_right,crossfade
185,"POLYPHEMOS: ZEKÂ ONU KURTARDI, GURURU ELE VERDİ",1113.567,1119.29,18:33.567,18:39.290,5.723,Odysseus’a karşı çalışan bir tanrının hüküm sürdüğü tehlikeli bir alandır.,BLACK / NEW IMAGE NEEDED,YENİ GÖRSEL GEREKLİ,Kütüphanedeki mevcut görseller arasında bu cümleyi doğrudan ve yanlış çağrışım yaratmadan anlatan yeterince uygun bir görsel bulunmadığı için yeni görsel gerekli.,zoom_in,crossfade
186,"POLYPHEMOS: ZEKÂ ONU KURTARDI, GURURU ELE VERDİ",1119.29,1125.871,18:39.290,18:45.871,6.581,"Yine de kaderin acı bir cilvesi olarak, Poseidon onu hemen uzaklara savurmaz.",panel_22.jpg,MEVCUT GÖRSEL KULLANILABİLİR,"Görsel, cümledeki Poseidon ve deniz tehdidini doğrudan destekliyor; anlatılan kişi/olayla çelişen bir unsur taşımıyor.",zoom_out,crossfade
187,"POLYPHEMOS: ZEKÂ ONU KURTARDI, GURURU ELE VERDİ",1125.871,1129.447,18:45.871,18:49.447,3.576,Önce evini görebilecek kadar yaklaştırır.,BLACK / NEW IMAGE NEEDED,YENİ GÖRSEL GEREKLİ,Kütüphanedeki mevcut görseller arasında bu cümleyi doğrudan ve yanlış çağrışım yaratmadan anlatan yeterince uygun bir görsel bulunmadığı için yeni görsel gerekli.,pan_left,crossfade
188,EVİNİ GÖRÜP YENİDEN KAYBETMEK,1129.447,1135.599,18:49.447,18:55.599,6.152,Odysseus ve adamları daha sonra Aiolos isimli bir hükümdarın adasına ulaştı.,panel_25.jpg,MEVCUT GÖRSEL KULLANILABİLİR,"Görsel, cümledeki Odysseus’u doğrudan destekliyor; anlatılan kişi/olayla çelişen bir unsur taşımıyor.",pan_right,crossfade
189,EVİNİ GÖRÜP YENİDEN KAYBETMEK,1135.599,1141.751,18:55.599,19:01.751,6.152,Aiolos rüzgârları kontrol etme yetkisine sahipti ve onlara yardım etmek istedi.,panel_25.jpg,MEVCUT GÖRSEL KULLANILABİLİR,"Görsel, “EVİNİ GÖRÜP YENİDEN KAYBETMEK” bölümünün mekânını, karakterini veya duygusal tonunu destekliyor ve cümlenin anlamıyla çelişmiyor.",zoom_in,crossfade
190,EVİNİ GÖRÜP YENİDEN KAYBETMEK,1141.751,1147.473,19:01.751,19:07.473,5.723,İthaka’ya ulaşmalarını engelleyebilecek bütün rüzgârları büyük bir torbanın içine kapattı.,panel_25.jpg,MEVCUT GÖRSEL KULLANILABİLİR,"Görsel, cümledeki tahta at veya hile temasını, İthaka ve eve dönüş temasını doğrudan destekliyor; anlatılan kişi/olayla çelişen bir unsur taşımıyor.",zoom_out,crossfade
191,EVİNİ GÖRÜP YENİDEN KAYBETMEK,1147.473,1152.337,19:07.473,19:12.337,4.864,Yalnızca gemileri eve götürecek uygun rüzgârı serbest bıraktı.,BLACK / NEW IMAGE NEEDED,YENİ GÖRSEL GEREKLİ,Kütüphanedeki mevcut görseller arasında bu cümleyi doğrudan ve yanlış çağrışım yaratmadan anlatan yeterince uygun bir görsel bulunmadığı için yeni görsel gerekli.,pan_left,crossfade
192,EVİNİ GÖRÜP YENİDEN KAYBETMEK,1152.337,1155.913,19:12.337,19:15.913,3.576,Dokuz gün boyunca yol aldılar.,panel_24.jpg,MEVCUT GÖRSEL KULLANILABİLİR,"Görsel, “EVİNİ GÖRÜP YENİDEN KAYBETMEK” bölümünün mekânını, karakterini veya duygusal tonunu destekliyor ve cümlenin anlamıyla çelişmiyor.",pan_right,crossfade
193,EVİNİ GÖRÜP YENİDEN KAYBETMEK,1155.913,1159.918,19:15.913,19:19.918,4.005,Sonunda İthaka’nın kıyıları uzaktan görünmeye başladı.,panel_24.jpg,MEVCUT GÖRSEL KULLANILABİLİR,"Görsel, cümledeki İthaka ve eve dönüş temasını doğrudan destekliyor; anlatılan kişi/olayla çelişen bir unsur taşımıyor.",zoom_in,crossfade
194,EVİNİ GÖRÜP YENİDEN KAYBETMEK,1159.918,1165.212,19:19.918,19:25.212,5.293,Odysseus on yılı aşkın süredir görmediği evine neredeyse ulaşmıştı.,BLACK / NEW IMAGE NEEDED,YENİ GÖRSEL GEREKLİ,Kütüphanedeki mevcut görseller arasında bu cümleyi doğrudan ve yanlış çağrışım yaratmadan anlatan yeterince uygun bir görsel bulunmadığı için yeni görsel gerekli.,zoom_out,crossfade
195,EVİNİ GÖRÜP YENİDEN KAYBETMEK,1165.212,1169.217,19:25.212,19:29.217,4.005,Fakat çok yorulduğu için uykuya daldı.,panel_24.jpg,MEVCUT GÖRSEL KULLANILABİLİR,"Görsel, cümledeki tahta at veya hile temasını doğrudan destekliyor; anlatılan kişi/olayla çelişen bir unsur taşımıyor.",pan_left,crossfade
196,EVİNİ GÖRÜP YENİDEN KAYBETMEK,1169.217,1175.369,19:29.217,19:35.369,6.152,Adamları torbanın içinde Odysseus’un kendilerinden sakladığı altın ve gümüşler olduğunu düşündü.,panel_26.jpg,MEVCUT GÖRSEL KULLANILABİLİR,"Görsel, cümledeki Odysseus’u doğrudan destekliyor; anlatılan kişi/olayla çelişen bir unsur taşımıyor.",pan_right,crossfade
197,EVİNİ GÖRÜP YENİDEN KAYBETMEK,1175.369,1177.657,19:35.369,19:37.657,2.288,Torbayı açtılar.,panel_26.jpg,MEVCUT GÖRSEL KULLANILABİLİR,"Görsel, “EVİNİ GÖRÜP YENİDEN KAYBETMEK” bölümünün mekânını, karakterini veya duygusal tonunu destekliyor ve cümlenin anlamıyla çelişmiyor.",zoom_in,crossfade
198,EVİNİ GÖRÜP YENİDEN KAYBETMEK,1177.657,1185.097,19:37.657,19:45.097,7.44,Bütün rüzgârlar aynı anda serbest kaldı ve çıkan fırtına gemileri yeniden açık denize sürükledi.,panel_27.jpg,MEVCUT GÖRSEL KULLANILABİLİR,"Görsel, cümledeki deniz yolculuğunu doğrudan destekliyor; anlatılan kişi/olayla çelişen bir unsur taşımıyor.",zoom_out,crossfade
199,EVİNİ GÖRÜP YENİDEN KAYBETMEK,1185.097,1189.531,19:45.097,19:49.531,4.435,Evleri gözlerinin önündeydi ve bir anda kayboldu.,BLACK / NEW IMAGE NEEDED,YENİ GÖRSEL GEREKLİ,Kütüphanedeki mevcut görseller arasında bu cümleyi doğrudan ve yanlış çağrışım yaratmadan anlatan yeterince uygun bir görsel bulunmadığı için yeni görsel gerekli.,pan_left,crossfade
200,EVİNİ GÖRÜP YENİDEN KAYBETMEK,1189.531,1193.966,19:49.531,19:53.966,4.435,Buradaki suç yalnızca torbayı açan askerlerde değildi.,panel_26.jpg,MEVCUT GÖRSEL KULLANILABİLİR,"Görsel, “EVİNİ GÖRÜP YENİDEN KAYBETMEK” bölümünün mekânını, karakterini veya duygusal tonunu destekliyor ve cümlenin anlamıyla çelişmiyor.",pan_right,crossfade
201,EVİNİ GÖRÜP YENİDEN KAYBETMEK,1193.966,1198.83,19:53.966,19:58.830,4.864,Odysseus da adamlarına torbada ne olduğunu açıkça anlatmamıştı.,BLACK / NEW IMAGE NEEDED,YENİ GÖRSEL GEREKLİ,Kütüphanedeki mevcut görseller arasında bu cümleyi doğrudan ve yanlış çağrışım yaratmadan anlatan yeterince uygun bir görsel bulunmadığı için yeni görsel gerekli.,zoom_in,crossfade
202,EVİNİ GÖRÜP YENİDEN KAYBETMEK,1198.83,1202.406,19:58.830,20:02.406,3.576,"Aralarındaki güvensizlik, eve dönüşlerini engelledi.",panel_26.jpg,MEVCUT GÖRSEL KULLANILABİLİR,"Görsel, “EVİNİ GÖRÜP YENİDEN KAYBETMEK” bölümünün mekânını, karakterini veya duygusal tonunu destekliyor ve cümlenin anlamıyla çelişmiyor.",zoom_out,crossfade
203,EVİNİ GÖRÜP YENİDEN KAYBETMEK,1202.406,1207.699,20:02.406,20:07.699,5.293,"Nolan, Aiolos ve rüzgâr torbası bölümünü filmden tamamen çıkarır.",panel_25.jpg,MEVCUT GÖRSEL KULLANILABİLİR,"Görsel, cümledeki ölüler dünyası ve kayıp temasını doğrudan destekliyor; anlatılan kişi/olayla çelişen bir unsur taşımıyor.",pan_left,crossfade
204,EVİNİ GÖRÜP YENİDEN KAYBETMEK,1207.699,1213.421,20:07.699,20:13.421,5.723,"Odysseus bu kez bir canavara değil, kendi gemisindeki güvensizliğe yenilmişti.",panel_26.jpg,MEVCUT GÖRSEL KULLANILABİLİR,"Görsel, cümledeki Odysseus’u, deniz yolculuğunu doğrudan destekliyor; anlatılan kişi/olayla çelişen bir unsur taşımıyor.",pan_right,crossfade
205,EVİNİ GÖRÜP YENİDEN KAYBETMEK,1213.421,1220.003,20:13.421,20:20.003,6.581,Yeniden açık denize sürüklenen filo yardım bulmak için başka bir kıyıya yanaştı.,panel_27.jpg,MEVCUT GÖRSEL KULLANILABİLİR,"Görsel, “EVİNİ GÖRÜP YENİDEN KAYBETMEK” bölümünün mekânını, karakterini veya duygusal tonunu destekliyor ve cümlenin anlamıyla çelişmiyor.",zoom_in,crossfade
206,EVİNİ GÖRÜP YENİDEN KAYBETMEK,1220.003,1229.16,20:20.003,20:29.160,9.157,"Fakat bir önceki adada onları ağırlayan bir hükümdar varken, bu kez karşılarında misafirlerini yemek isteyen bir halk vardı.",panel_29.jpg,MEVCUT GÖRSEL KULLANILABİLİR,"Görsel, cümledeki tahta at veya hile temasını doğrudan destekliyor; anlatılan kişi/olayla çelişen bir unsur taşımıyor.",zoom_out,crossfade
207,EVİNİ GÖRÜP YENİDEN KAYBETMEK,1229.16,1233.165,20:29.160,20:33.165,4.005,Bir sonraki durakta karşılarına Laestrygonlar çıktı.,panel_28.jpg,MEVCUT GÖRSEL KULLANILABİLİR,"Görsel, “EVİNİ GÖRÜP YENİDEN KAYBETMEK” bölümünün mekânını, karakterini veya duygusal tonunu destekliyor ve cümlenin anlamıyla çelişmiyor.",pan_left,crossfade
208,EVİNİ GÖRÜP YENİDEN KAYBETMEK,1233.165,1237.6,20:33.165,20:37.600,4.435,Homeros’ta Laestrygonlar yabancıları yiyen dev bir halktır.,panel_28.jpg,MEVCUT GÖRSEL KULLANILABİLİR,"Görsel, “EVİNİ GÖRÜP YENİDEN KAYBETMEK” bölümünün mekânını, karakterini veya duygusal tonunu destekliyor ve cümlenin anlamıyla çelişmiyor.",pan_right,crossfade
209,EVİNİ GÖRÜP YENİDEN KAYBETMEK,1237.6,1241.176,20:37.600,20:41.176,3.576,Gemilere yüksek kayalardan taşlar fırlatırlar.,panel_29.jpg,MEVCUT GÖRSEL KULLANILABİLİR,"Görsel, cümledeki tahta at veya hile temasını, deniz yolculuğunu doğrudan destekliyor; anlatılan kişi/olayla çelişen bir unsur taşımıyor.",zoom_in,crossfade
210,EVİNİ GÖRÜP YENİDEN KAYBETMEK,1241.176,1245.181,20:41.176,20:45.181,4.005,Odysseus Troya’dan on iki gemiyle ayrılmıştı.,panel_29.jpg,MEVCUT GÖRSEL KULLANILABİLİR,"Görsel, cümledeki Odysseus’u, deniz yolculuğunu doğrudan destekliyor; anlatılan kişi/olayla çelişen bir unsur taşımıyor.",zoom_out,crossfade
211,EVİNİ GÖRÜP YENİDEN KAYBETMEK,1245.181,1249.616,20:45.181,20:49.616,4.435,Laestrygonların saldırısından sonra yalnızca kendi gemisi kaldı.,panel_28.jpg,MEVCUT GÖRSEL KULLANILABİLİR,"Görsel, cümledeki deniz yolculuğunu doğrudan destekliyor; anlatılan kişi/olayla çelişen bir unsur taşımıyor.",pan_left,crossfade
212,EVİNİ GÖRÜP YENİDEN KAYBETMEK,1249.616,1258.344,20:49.616,20:58.344,8.728,"Nolan filminde bu yaratıkları doğrudan masal devleri gibi değil, devasa ve ağır zırhlı savaşçılar olarak yeniden yorumlar.",panel_28.jpg,MEVCUT GÖRSEL KULLANILABİLİR,"Görsel, cümledeki tahta at veya hile temasını, savaş atmosferini doğrudan destekliyor; anlatılan kişi/olayla çelişen bir unsur taşımıyor.",pan_right,crossfade
213,EVİNİ GÖRÜP YENİDEN KAYBETMEK,1258.344,1264.066,20:58.344,21:04.066,5.723,Artık Odysseus’un tek gemisi ve giderek azalan sayıda adamı vardı.,panel_29.jpg,MEVCUT GÖRSEL KULLANILABİLİR,"Görsel, cümledeki Odysseus’u, deniz yolculuğunu doğrudan destekliyor; anlatılan kişi/olayla çelişen bir unsur taşımıyor.",zoom_in,crossfade
214,EVİNİ GÖRÜP YENİDEN KAYBETMEK,1264.066,1268.501,21:04.066,21:08.501,4.435,On iki gemilik filo tek gemiye düşmüştü.,panel_29.jpg,MEVCUT GÖRSEL KULLANILABİLİR,"Görsel, cümledeki deniz yolculuğunu doğrudan destekliyor; anlatılan kişi/olayla çelişen bir unsur taşımıyor.",zoom_out,crossfade
215,EVİNİ GÖRÜP YENİDEN KAYBETMEK,1268.501,1275.082,21:08.501,21:15.082,6.581,"Ama sıradaki ada, askerlerin sayısını azaltmaktan önce onların insan biçimini ellerinden alacaktı.",BLACK / NEW IMAGE NEEDED,YENİ GÖRSEL GEREKLİ,Kütüphanedeki mevcut görseller arasında bu cümleyi doğrudan ve yanlış çağrışım yaratmadan anlatan yeterince uygun bir görsel bulunmadığı için yeni görsel gerekli.,pan_left,crossfade
216,EVİNİ GÖRÜP YENİDEN KAYBETMEK,1275.082,1282.093,21:15.082,21:22.093,7.011,"Film boyunca sorulan “Savaş insanı neye dönüştürür?” sorusu, burada gerçek bir büyüye dönüşür.",BLACK / NEW IMAGE NEEDED,YENİ GÖRSEL GEREKLİ,Kütüphanedeki mevcut görseller arasında bu cümleyi doğrudan ve yanlış çağrışım yaratmadan anlatan yeterince uygun bir görsel bulunmadığı için yeni görsel gerekli.,pan_right,crossfade
217,KİRKE’NİN ADASI: İNSAN NE ZAMAN CANAVARA DÖNÜŞÜR?,1282.093,1287.386,21:22.093,21:27.386,5.293,Hayatta kalanlar Kirke isimli büyücü tanrıçanın yaşadığı adaya ulaştı.,panel_32.jpg,MEVCUT GÖRSEL KULLANILABİLİR,"Görsel, cümledeki tahta at veya hile temasını, Kirke bölümünü doğrudan destekliyor; anlatılan kişi/olayla çelişen bir unsur taşımıyor.",zoom_in,crossfade
218,KİRKE’NİN ADASI: İNSAN NE ZAMAN CANAVARA DÖNÜŞÜR?,1287.386,1291.821,21:27.386,21:31.821,4.435,Filmde adı İngilizcedeki biçimiyle Circe olarak geçer.,panel_32.jpg,MEVCUT GÖRSEL KULLANILABİLİR,"Görsel, “KİRKE’NİN ADASI: İNSAN NE ZAMAN CANAVARA DÖNÜŞÜR?” bölümünün mekânını, karakterini veya duygusal tonunu destekliyor ve cümlenin anlamıyla çelişmiyor.",zoom_out,crossfade
219,KİRKE’NİN ADASI: İNSAN NE ZAMAN CANAVARA DÖNÜŞÜR?,1291.821,1296.685,21:31.821,21:36.685,4.864,Odysseus keşif yapmaları için bir grup asker gönderdi.,panel_31.jpg,MEVCUT GÖRSEL KULLANILABİLİR,"Görsel, cümledeki Odysseus’u doğrudan destekliyor; anlatılan kişi/olayla çelişen bir unsur taşımıyor.",pan_left,crossfade
220,KİRKE’NİN ADASI: İNSAN NE ZAMAN CANAVARA DÖNÜŞÜR?,1296.685,1301.119,21:36.685,21:41.119,4.435,Kirke onları güzel bir sofraya davet etti.,panel_32.jpg,MEVCUT GÖRSEL KULLANILABİLİR,"Görsel, cümledeki Kirke bölümünü doğrudan destekliyor; anlatılan kişi/olayla çelişen bir unsur taşımıyor.",pan_right,crossfade
221,KİRKE’NİN ADASI: İNSAN NE ZAMAN CANAVARA DÖNÜŞÜR?,1301.119,1306.413,21:41.119,21:46.413,5.293,Yemeklerine büyülü bir ilaç koydu ve askerleri domuza dönüştürdü.,panel_32.jpg,MEVCUT GÖRSEL KULLANILABİLİR,"Görsel, “KİRKE’NİN ADASI: İNSAN NE ZAMAN CANAVARA DÖNÜŞÜR?” bölümünün mekânını, karakterini veya duygusal tonunu destekliyor ve cümlenin anlamıyla çelişmiyor.",zoom_in,crossfade
222,KİRKE’NİN ADASI: İNSAN NE ZAMAN CANAVARA DÖNÜŞÜR?,1306.413,1311.706,21:46.413,21:51.706,5.293,Gruptan yalnızca Eurylochos kaçmayı başardı ve olanları Odysseus’a anlattı.,BLACK / NEW IMAGE NEEDED,YENİ GÖRSEL GEREKLİ,Kütüphanedeki mevcut görseller arasında bu cümleyi doğrudan ve yanlış çağrışım yaratmadan anlatan yeterince uygun bir görsel bulunmadığı için yeni görsel gerekli.,zoom_out,crossfade
223,KİRKE’NİN ADASI: İNSAN NE ZAMAN CANAVARA DÖNÜŞÜR?,1311.706,1316.999,21:51.706,21:56.999,5.293,Odysseus arkadaşlarını kurtarmak için Kirke’nin evine doğru yola çıktı.,panel_32.jpg,MEVCUT GÖRSEL KULLANILABİLİR,"Görsel, cümledeki Odysseus’u, Kirke bölümünü doğrudan destekliyor; anlatılan kişi/olayla çelişen bir unsur taşımıyor.",pan_left,crossfade
224,KİRKE’NİN ADASI: İNSAN NE ZAMAN CANAVARA DÖNÜŞÜR?,1316.999,1321.004,21:56.999,22:01.004,4.005,Yolda tanrıların habercisi Hermes karşısına çıktı.,panel_33.jpg,MEVCUT GÖRSEL KULLANILABİLİR,"Görsel, “KİRKE’NİN ADASI: İNSAN NE ZAMAN CANAVARA DÖNÜŞÜR?” bölümünün mekânını, karakterini veya duygusal tonunu destekliyor ve cümlenin anlamıyla çelişmiyor.",pan_right,crossfade
225,KİRKE’NİN ADASI: İNSAN NE ZAMAN CANAVARA DÖNÜŞÜR?,1321.004,1326.727,22:01.004,22:06.727,5.723,Ona Kirke’nin büyüsünden koruyacak “moly” isimli sihirli bir bitki verdi.,panel_33.jpg,MEVCUT GÖRSEL KULLANILABİLİR,"Görsel, cümledeki Kirke bölümünü doğrudan destekliyor; anlatılan kişi/olayla çelişen bir unsur taşımıyor.",zoom_in,crossfade
226,KİRKE’NİN ADASI: İNSAN NE ZAMAN CANAVARA DÖNÜŞÜR?,1326.727,1331.161,22:06.727,22:11.161,4.435,Böylece Kirke’nin büyüsü Odysseus üzerinde işe yaramadı.,panel_33.jpg,MEVCUT GÖRSEL KULLANILABİLİR,"Görsel, cümledeki Odysseus’u, Kirke bölümünü doğrudan destekliyor; anlatılan kişi/olayla çelişen bir unsur taşımıyor.",zoom_out,crossfade
227,KİRKE’NİN ADASI: İNSAN NE ZAMAN CANAVARA DÖNÜŞÜR?,1331.161,1335.596,22:11.161,22:15.596,4.435,"Odysseus, Kirke’yi arkadaşlarını yeniden insana çevirmeye zorladı.",panel_32.jpg,MEVCUT GÖRSEL KULLANILABİLİR,"Görsel, cümledeki Odysseus’u, Kirke bölümünü doğrudan destekliyor; anlatılan kişi/olayla çelişen bir unsur taşımıyor.",pan_left,crossfade
228,KİRKE’NİN ADASI: İNSAN NE ZAMAN CANAVARA DÖNÜŞÜR?,1335.596,1341.748,22:15.596,22:21.748,6.152,Fakat hikâyenin bundan sonrası modern bir izleyici için biraz daha karmaşıktır.,BLACK / NEW IMAGE NEEDED,YENİ GÖRSEL GEREKLİ,Kütüphanedeki mevcut görseller arasında bu cümleyi doğrudan ve yanlış çağrışım yaratmadan anlatan yeterince uygun bir görsel bulunmadığı için yeni görsel gerekli.,pan_right,crossfade
229,KİRKE’NİN ADASI: İNSAN NE ZAMAN CANAVARA DÖNÜŞÜR?,1341.748,1345.753,22:21.748,22:25.753,4.005,Homeros’ta Odysseus ve Kirke sevgili olur.,panel_34.jpg,MEVCUT GÖRSEL KULLANILABİLİR,"Görsel, cümledeki Odysseus’u, Kirke bölümünü doğrudan destekliyor; anlatılan kişi/olayla çelişen bir unsur taşımıyor.",zoom_in,crossfade
230,KİRKE’NİN ADASI: İNSAN NE ZAMAN CANAVARA DÖNÜŞÜR?,1345.753,1350.617,22:25.753,22:30.617,4.864,Odysseus ile adamları adada tam bir yıl geçirir.,BLACK / NEW IMAGE NEEDED,YENİ GÖRSEL GEREKLİ,Kütüphanedeki mevcut görseller arasında bu cümleyi doğrudan ve yanlış çağrışım yaratmadan anlatan yeterince uygun bir görsel bulunmadığı için yeni görsel gerekli.,zoom_out,crossfade
231,KİRKE’NİN ADASI: İNSAN NE ZAMAN CANAVARA DÖNÜŞÜR?,1350.617,1356.34,22:30.617,22:36.340,5.723,"Yemek yer, dinlenir ve eve dönüş yolculuklarını bir süre ertelerler.",BLACK / NEW IMAGE NEEDED,YENİ GÖRSEL GEREKLİ,Kütüphanedeki mevcut görseller arasında bu cümleyi doğrudan ve yanlış çağrışım yaratmadan anlatan yeterince uygun bir görsel bulunmadığı için yeni görsel gerekli.,pan_left,crossfade
232,KİRKE’NİN ADASI: İNSAN NE ZAMAN CANAVARA DÖNÜŞÜR?,1356.34,1365.927,22:36.340,22:45.927,9.587,"Bu ilişkiyi yalnızca “Odysseus karısını aldattı” diye özetlemek de antik hikâyedeki güç, tehdit ve hayatta kalma koşullarını fazlasıyla basitleştirir.",BLACK / NEW IMAGE NEEDED,YENİ GÖRSEL GEREKLİ,Kütüphanedeki mevcut görseller arasında bu cümleyi doğrudan ve yanlış çağrışım yaratmadan anlatan yeterince uygun bir görsel bulunmadığı için yeni görsel gerekli.,pan_right,crossfade
233,KİRKE’NİN ADASI: İNSAN NE ZAMAN CANAVARA DÖNÜŞÜR?,1365.927,1369.932,22:45.927,22:49.932,4.005,Nolan ise bu bölümü kökten değiştirir.,BLACK / NEW IMAGE NEEDED,YENİ GÖRSEL GEREKLİ,Kütüphanedeki mevcut görseller arasında bu cümleyi doğrudan ve yanlış çağrışım yaratmadan anlatan yeterince uygun bir görsel bulunmadığı için yeni görsel gerekli.,zoom_in,crossfade
234,KİRKE’NİN ADASI: İNSAN NE ZAMAN CANAVARA DÖNÜŞÜR?,1369.932,1373.937,22:49.932,22:53.937,4.005,Filmde Hermes ve sihirli bitki yoktur.,panel_33.jpg,MEVCUT GÖRSEL KULLANILABİLİR,"Görsel, “KİRKE’NİN ADASI: İNSAN NE ZAMAN CANAVARA DÖNÜŞÜR?” bölümünün mekânını, karakterini veya duygusal tonunu destekliyor ve cümlenin anlamıyla çelişmiyor.",zoom_out,crossfade
235,KİRKE’NİN ADASI: İNSAN NE ZAMAN CANAVARA DÖNÜŞÜR?,1373.937,1379.23,22:53.937,22:59.230,5.293,Odysseus Kirke’yle ilişki yaşamaz ve adada bir yıl kalmaz.,panel_34.jpg,MEVCUT GÖRSEL KULLANILABİLİR,"Görsel, cümledeki Odysseus’u, Kirke bölümünü doğrudan destekliyor; anlatılan kişi/olayla çelişen bir unsur taşımıyor.",pan_left,crossfade
236,KİRKE’NİN ADASI: İNSAN NE ZAMAN CANAVARA DÖNÜŞÜR?,1379.23,1384.524,22:59.230,23:04.524,5.293,Kirke’nin kız kardeşi film için yaratılmış bir karga biçimindedir.,panel_32.jpg,MEVCUT GÖRSEL KULLANILABİLİR,"Görsel, cümledeki tahta at veya hile temasını, Kirke bölümünü doğrudan destekliyor; anlatılan kişi/olayla çelişen bir unsur taşımıyor.",pan_right,crossfade
237,KİRKE’NİN ADASI: İNSAN NE ZAMAN CANAVARA DÖNÜŞÜR?,1384.524,1390.246,23:04.524,23:10.246,5.723,Odysseus kargayı rehin alıp bıçağını boynuna dayayarak arkadaşlarını geri ister.,panel_32.jpg,MEVCUT GÖRSEL KULLANILABİLİR,"Görsel, cümledeki Odysseus’u, yay yarışmasını doğrudan destekliyor; anlatılan kişi/olayla çelişen bir unsur taşımıyor.",zoom_in,crossfade
238,KİRKE’NİN ADASI: İNSAN NE ZAMAN CANAVARA DÖNÜŞÜR?,1390.246,1398.116,23:10.246,23:18.116,7.869,"Film ayrıca dönüşümü bir masal büyüsünden çok, rahatsız edici bir beden korkusu sahnesi gibi gösterir.",panel_32.jpg,MEVCUT GÖRSEL KULLANILABİLİR,"Görsel, cümledeki tahta at veya hile temasını doğrudan destekliyor; anlatılan kişi/olayla çelişen bir unsur taşımıyor.",zoom_out,crossfade
239,KİRKE’NİN ADASI: İNSAN NE ZAMAN CANAVARA DÖNÜŞÜR?,1398.116,1407.702,23:18.116,23:27.702,9.587,Kirke’nin temel düşüncesi şudur: Odysseus’un askerleri domuza dönüşmüyor; savaşta zaten birer hayvana dönüşmüş oldukları için gerçek yüzleri ortaya çıkıyor.,panel_32.jpg,MEVCUT GÖRSEL KULLANILABİLİR,"Görsel, cümledeki tahta at veya hile temasını, Odysseus’u doğrudan destekliyor; anlatılan kişi/olayla çelişen bir unsur taşımıyor.",pan_left,crossfade
240,KİRKE’NİN ADASI: İNSAN NE ZAMAN CANAVARA DÖNÜŞÜR?,1407.702,1418.148,23:27.702,23:38.148,10.446,"Bu yorum, filmin Truva’da başlayan sorusunu devam ettirir: Bir insanı canavara dönüştüren şey büyü müdür, yoksa savaş sırasında yaptığı seçimler mi?",BLACK / NEW IMAGE NEEDED,YENİ GÖRSEL GEREKLİ,Kütüphanedeki mevcut görseller arasında bu cümleyi doğrudan ve yanlış çağrışım yaratmadan anlatan yeterince uygun bir görsel bulunmadığı için yeni görsel gerekli.,pan_right,crossfade
241,KİRKE’NİN ADASI: İNSAN NE ZAMAN CANAVARA DÖNÜŞÜR?,1418.148,1422.582,23:38.148,23:42.582,4.435,"Sonunda Kirke, Odysseus’a eve giden yolu anlatır.",panel_35.jpg,MEVCUT GÖRSEL KULLANILABİLİR,"Görsel, cümledeki tahta at veya hile temasını, Odysseus’u doğrudan destekliyor; anlatılan kişi/olayla çelişen bir unsur taşımıyor.",zoom_in,crossfade
242,KİRKE’NİN ADASI: İNSAN NE ZAMAN CANAVARA DÖNÜŞÜR?,1422.582,1428.734,23:42.582,23:48.734,6.152,"Fakat ileri gidebilmesi için önce geriye, kaybettiği insanların dünyasına bakması gerekmektedir.",BLACK / NEW IMAGE NEEDED,YENİ GÖRSEL GEREKLİ,Kütüphanedeki mevcut görseller arasında bu cümleyi doğrudan ve yanlış çağrışım yaratmadan anlatan yeterince uygun bir görsel bulunmadığı için yeni görsel gerekli.,zoom_out,crossfade
243,KİRKE’NİN ADASI: İNSAN NE ZAMAN CANAVARA DÖNÜŞÜR?,1428.734,1435.745,23:48.734,23:55.745,7.011,"Çünkü Kirke’ye göre eve giden yol yaşayanlardan değil, ölülerden alınacak bir bilgiyle bulunabilir.",panel_35.jpg,MEVCUT GÖRSEL KULLANILABİLİR,"Görsel, cümledeki Kirke bölümünü, ölüler dünyası ve kayıp temasını doğrudan destekliyor; anlatılan kişi/olayla çelişen bir unsur taşımıyor.",pan_left,crossfade
244,KİRKE’NİN ADASI: İNSAN NE ZAMAN CANAVARA DÖNÜŞÜR?,1435.745,1444.473,23:55.745,24:04.473,8.728,Odysseus’un bir sonraki durağı bu nedenle yaşayan hiçbir insanın kolay kolay gitmek istemeyeceği bir yerdir: Ölülerin ülkesi.,panel_35.jpg,MEVCUT GÖRSEL KULLANILABİLİR,"Görsel, cümledeki Odysseus’u, ölüler dünyası ve kayıp temasını doğrudan destekliyor; anlatılan kişi/olayla çelişen bir unsur taşımıyor.",pan_right,crossfade
245,ÖLÜLERLE KONUŞMAK,1444.473,1450.196,24:04.473,24:10.196,5.723,Antik Yunan mitolojisinde ölen insanların ruhlarının gittiği yere Hades deniyordu.,panel_36.jpg,MEVCUT GÖRSEL KULLANILABİLİR,"Görsel, “ÖLÜLERLE KONUŞMAK” bölümünün mekânını, karakterini veya duygusal tonunu destekliyor ve cümlenin anlamıyla çelişmiyor.",zoom_in,crossfade
246,ÖLÜLERLE KONUŞMAK,1450.196,1455.06,24:10.196,24:15.060,4.864,Hades aynı zamanda bu ülkeyi yöneten tanrının ismiydi.,panel_36.jpg,MEVCUT GÖRSEL KULLANILABİLİR,"Görsel, “ÖLÜLERLE KONUŞMAK” bölümünün mekânını, karakterini veya duygusal tonunu destekliyor ve cümlenin anlamıyla çelişmiyor.",zoom_out,crossfade
247,ÖLÜLERLE KONUŞMAK,1455.06,1459.494,24:15.060,24:19.494,4.435,Burası modern dinlerdeki cehennemle aynı yer değildi.,BLACK / NEW IMAGE NEEDED,YENİ GÖRSEL GEREKLİ,Kütüphanedeki mevcut görseller arasında bu cümleyi doğrudan ve yanlış çağrışım yaratmadan anlatan yeterince uygun bir görsel bulunmadığı için yeni görsel gerekli.,pan_left,crossfade
248,ÖLÜLERLE KONUŞMAK,1459.494,1468.652,24:19.494,24:28.652,9.157,"Yalnızca kötü insanların cezalandırıldığı bir mekân değil, ölen insanların büyük bölümünün gölge gibi varlığını sürdürdüğü karanlık bir dünyaydı.",panel_36.jpg,MEVCUT GÖRSEL KULLANILABİLİR,"Görsel, cümledeki yay yarışmasını, ölüler dünyası ve kayıp temasını doğrudan destekliyor; anlatılan kişi/olayla çelişen bir unsur taşımıyor.",pan_right,crossfade
249,ÖLÜLERLE KONUŞMAK,1468.652,1479.097,24:28.652,24:39.097,10.446,"Homeros’un anlatımında Odysseus doğrudan yer altı dünyasının içine inmekten çok, onun sınırına ulaşır ve yaptığı kanlı bir ayinle ruhları kendisine çağırır.",panel_36.jpg,MEVCUT GÖRSEL KULLANILABİLİR,"Görsel, cümledeki tahta at veya hile temasını, Odysseus’u doğrudan destekliyor; anlatılan kişi/olayla çelişen bir unsur taşımıyor.",zoom_in,crossfade
250,ÖLÜLERLE KONUŞMAK,1479.097,1483.532,24:39.097,24:43.532,4.435,Burada Teiresias isimli ölmüş bir kâhinle konuşur.,panel_37.jpg,MEVCUT GÖRSEL KULLANILABİLİR,"Görsel, “ÖLÜLERLE KONUŞMAK” bölümünün mekânını, karakterini veya duygusal tonunu destekliyor ve cümlenin anlamıyla çelişmiyor.",zoom_out,crossfade
251,ÖLÜLERLE KONUŞMAK,1483.532,1487.108,24:43.532,24:47.108,3.576,"Kâhin, geleceği bildiğine inanılan kişidir.",panel_37.jpg,MEVCUT GÖRSEL KULLANILABİLİR,"Görsel, “ÖLÜLERLE KONUŞMAK” bölümünün mekânını, karakterini veya duygusal tonunu destekliyor ve cümlenin anlamıyla çelişmiyor.",pan_left,crossfade
252,ÖLÜLERLE KONUŞMAK,1487.108,1496.695,24:47.108,24:56.695,9.587,"Teiresias, Odysseus’u güneş tanrısı Helios’un kutsal sığırları konusunda uyarır: Bu hayvanlara zarar verirlerse gemileri yok olacak ve arkadaşları ölecektir.",panel_38.jpg,MEVCUT GÖRSEL KULLANILABİLİR,"Görsel, cümledeki Odysseus’u, deniz yolculuğunu doğrudan destekliyor; anlatılan kişi/olayla çelişen bir unsur taşımıyor.",pan_right,crossfade
253,ÖLÜLERLE KONUŞMAK,1496.695,1501.558,24:56.695,25:01.558,4.864,Odysseus daha sonra kendi annesi Antikleia’nın ruhunu görür.,panel_36.jpg,MEVCUT GÖRSEL KULLANILABİLİR,"Görsel, cümledeki Odysseus’u doğrudan destekliyor; anlatılan kişi/olayla çelişen bir unsur taşımıyor.",zoom_in,crossfade
254,ÖLÜLERLE KONUŞMAK,1501.558,1504.705,25:01.558,25:04.705,3.147,Savaşa giderken annesi hayattadır.,panel_36.jpg,MEVCUT GÖRSEL KULLANILABİLİR,"Görsel, cümledeki tahta at veya hile temasını, savaş atmosferini doğrudan destekliyor; anlatılan kişi/olayla çelişen bir unsur taşımıyor.",zoom_out,crossfade
255,ÖLÜLERLE KONUŞMAK,1504.705,1511.286,25:04.705,25:11.286,6.581,Fakat Odysseus uzakta olduğu yıllarda ölmüştür ve o bunu ancak şimdi öğrenir.,BLACK / NEW IMAGE NEEDED,YENİ GÖRSEL GEREKLİ,Kütüphanedeki mevcut görseller arasında bu cümleyi doğrudan ve yanlış çağrışım yaratmadan anlatan yeterince uygun bir görsel bulunmadığı için yeni görsel gerekli.,pan_left,crossfade
256,ÖLÜLERLE KONUŞMAK,1511.286,1518.726,25:11.286,25:18.726,7.44,"Antikleia, oğluna bir hastalıktan değil, ona duyduğu özlem ve yaşadığı keder yüzünden öldüğünü söyler.",panel_36.jpg,MEVCUT GÖRSEL KULLANILABİLİR,"Görsel, “ÖLÜLERLE KONUŞMAK” bölümünün mekânını, karakterini veya duygusal tonunu destekliyor ve cümlenin anlamıyla çelişmiyor.",pan_right,crossfade
257,ÖLÜLERLE KONUŞMAK,1518.726,1523.161,25:18.726,25:23.161,4.435,Odysseus annesine sarılmak için üç kez uzanır.,panel_36.jpg,MEVCUT GÖRSEL KULLANILABİLİR,"Görsel, cümledeki Odysseus’u doğrudan destekliyor; anlatılan kişi/olayla çelişen bir unsur taşımıyor.",zoom_in,crossfade
258,ÖLÜLERLE KONUŞMAK,1523.161,1530.601,25:23.161,25:30.601,7.44,Fakat annesinin ruhu her seferinde ellerinin arasından bir gölge veya rüya gibi kayıp gider.,panel_36.jpg,MEVCUT GÖRSEL KULLANILABİLİR,"Görsel, cümledeki tahta at veya hile temasını doğrudan destekliyor; anlatılan kişi/olayla çelişen bir unsur taşımıyor.",zoom_out,crossfade
259,ÖLÜLERLE KONUŞMAK,1530.601,1539.758,25:30.601,25:39.758,9.157,"Orduları yöneten, canavarları kandıran ve imkânsız görünen tuzaklar kuran Odysseus, annesine bir kez sarılabilmek için hiçbir şey yapamaz.",panel_36.jpg,MEVCUT GÖRSEL KULLANILABİLİR,"Görsel, cümledeki Odysseus’u doğrudan destekliyor; anlatılan kişi/olayla çelişen bir unsur taşımıyor.",pan_left,crossfade
260,ÖLÜLERLE KONUŞMAK,1539.758,1543.764,25:39.758,25:43.764,4.005,Bu sahne ona zekânın sınırını gösterir.,BLACK / NEW IMAGE NEEDED,YENİ GÖRSEL GEREKLİ,Kütüphanedeki mevcut görseller arasında bu cümleyi doğrudan ve yanlış çağrışım yaratmadan anlatan yeterince uygun bir görsel bulunmadığı için yeni görsel gerekli.,pan_right,crossfade
261,ÖLÜLERLE KONUŞMAK,1543.764,1547.769,25:43.764,25:47.769,4.005,Bazı kayıpların çözülebilecek bir planı yoktur.,BLACK / NEW IMAGE NEEDED,YENİ GÖRSEL GEREKLİ,Kütüphanedeki mevcut görseller arasında bu cümleyi doğrudan ve yanlış çağrışım yaratmadan anlatan yeterince uygun bir görsel bulunmadığı için yeni görsel gerekli.,zoom_in,crossfade
262,ÖLÜLERLE KONUŞMAK,1547.769,1550.915,25:47.769,25:50.915,3.147,"Nolan, Antikleia’yı filmine almaz.",panel_36.jpg,MEVCUT GÖRSEL KULLANILABİLİR,"Görsel, “ÖLÜLERLE KONUŞMAK” bölümünün mekânını, karakterini veya duygusal tonunu destekliyor ve cümlenin anlamıyla çelişmiyor.",zoom_out,crossfade
263,ÖLÜLERLE KONUŞMAK,1550.915,1555.779,25:50.915,25:55.779,4.864,Bunun yerine ölüler bölümünün duygusal merkezine Sinon’u yerleştirir.,panel_36.jpg,MEVCUT GÖRSEL KULLANILABİLİR,"Görsel, cümledeki ölüler dünyası ve kayıp temasını doğrudan destekliyor; anlatılan kişi/olayla çelişen bir unsur taşımıyor.",pan_left,crossfade
264,ÖLÜLERLE KONUŞMAK,1555.779,1562.361,25:55.779,26:02.361,6.581,"Hatırlarsanız Aeneis’ten gelen Sinon, Truva Atı planı için geride bırakılan genç askerdi.",panel_36.jpg,MEVCUT GÖRSEL KULLANILABİLİR,"Görsel, cümledeki Troya/Truva bağlamını, tahta at veya hile temasını doğrudan destekliyor; anlatılan kişi/olayla çelişen bir unsur taşımıyor.",pan_right,crossfade
265,ÖLÜLERLE KONUŞMAK,1562.361,1568.083,26:02.361,26:08.083,5.723,Nolan onu Odysseus’un kullandığı ve ölüme gönderdiği bir adama dönüştürür.,panel_36.jpg,MEVCUT GÖRSEL KULLANILABİLİR,"Görsel, cümledeki Odysseus’u, ölüler dünyası ve kayıp temasını doğrudan destekliyor; anlatılan kişi/olayla çelişen bir unsur taşımıyor.",zoom_in,crossfade
266,ÖLÜLERLE KONUŞMAK,1568.083,1574.235,26:08.083,26:14.235,6.152,"Ölüler dünyasında Sinon’un karşısına çıkması, Odysseus’un Truva’daki zaferinin bedelinden kaçamadığını gösterir.",panel_36.jpg,MEVCUT GÖRSEL KULLANILABİLİR,"Görsel, cümledeki Troya/Truva bağlamını, Odysseus’u doğrudan destekliyor; anlatılan kişi/olayla çelişen bir unsur taşımıyor.",zoom_out,crossfade
267,ÖLÜLERLE KONUŞMAK,1574.235,1578.67,26:14.235,26:18.670,4.435,Nolan’ın Odysseus’u yalnızca eve giden yolu aramıyor.,BLACK / NEW IMAGE NEEDED,YENİ GÖRSEL GEREKLİ,Kütüphanedeki mevcut görseller arasında bu cümleyi doğrudan ve yanlış çağrışım yaratmadan anlatan yeterince uygun bir görsel bulunmadığı için yeni görsel gerekli.,pan_left,crossfade
268,ÖLÜLERLE KONUŞMAK,1578.67,1583.534,26:18.670,26:23.534,4.864,Ölen adamlarının karşısında nasıl yaşayacağını da bulmaya çalışıyor.,BLACK / NEW IMAGE NEEDED,YENİ GÖRSEL GEREKLİ,Kütüphanedeki mevcut görseller arasında bu cümleyi doğrudan ve yanlış çağrışım yaratmadan anlatan yeterince uygun bir görsel bulunmadığı için yeni görsel gerekli.,pan_right,crossfade
269,ÖLÜLERLE KONUŞMAK,1583.534,1590.115,26:23.534,26:30.115,6.581,Teiresias ona izlemesi gereken yolu ve uzak durması gereken kutsal sığırları söyledi.,panel_38.jpg,MEVCUT GÖRSEL KULLANILABİLİR,"Görsel, “ÖLÜLERLE KONUŞMAK” bölümünün mekânını, karakterini veya duygusal tonunu destekliyor ve cümlenin anlamıyla çelişmiyor.",zoom_in,crossfade
270,ÖLÜLERLE KONUŞMAK,1590.115,1595.408,26:30.115,26:35.408,5.293,"Fakat tehlikeyi önceden bilmek, ondan kurtulmaya her zaman yetmez.",BLACK / NEW IMAGE NEEDED,YENİ GÖRSEL GEREKLİ,Kütüphanedeki mevcut görseller arasında bu cümleyi doğrudan ve yanlış çağrışım yaratmadan anlatan yeterince uygun bir görsel bulunmadığı için yeni görsel gerekli.,zoom_out,crossfade
271,ÖLÜLERLE KONUŞMAK,1595.408,1604.136,26:35.408,26:44.136,8.728,"Odysseus ölülerin arasından yeniden denize dönerken önündeki tehditler artık yalnızca bedenine değil, merakına, iradesine ve liderliğine saldıracaktır.",panel_36.jpg,MEVCUT GÖRSEL KULLANILABİLİR,"Görsel, cümledeki Odysseus’u, ölüler dünyası ve kayıp temasını doğrudan destekliyor; anlatılan kişi/olayla çelişen bir unsur taşımıyor.",pan_left,crossfade
272,KENDİ AKLINDAN KORUNMAK,1604.136,1609.859,26:44.136,26:49.859,5.723,Odysseus ölülerin ülkesinden ayrıldıktan sonra Sirenlerin bulunduğu bölgeden geçmek zorundaydı.,scene_19.jpg,MEVCUT GÖRSEL KULLANILABİLİR,"Görsel, cümledeki Odysseus’u, Sirenler bölümünü doğrudan destekliyor; anlatılan kişi/olayla çelişen bir unsur taşımıyor.",pan_right,crossfade
273,KENDİ AKLINDAN KORUNMAK,1609.859,1615.152,26:49.859,26:55.152,5.293,Sirenler bugün çoğu zaman balık kuyruklu denizkızları olarak gösterilir.,scene_19.jpg,MEVCUT GÖRSEL KULLANILABİLİR,"Görsel, cümledeki Sirenler bölümünü doğrudan destekliyor; anlatılan kişi/olayla çelişen bir unsur taşımıyor.",zoom_in,crossfade
274,KENDİ AKLINDAN KORUNMAK,1615.152,1622.592,26:55.152,27:02.592,7.44,Fakat eski Yunan sanatında genellikle kadın başlı ve kuş gövdeli yaratıklar olarak tasvir edilirlerdi.,scene_19.jpg,MEVCUT GÖRSEL KULLANILABİLİR,"Görsel, cümledeki tahta at veya hile temasını doğrudan destekliyor; anlatılan kişi/olayla çelişen bir unsur taşımıyor.",zoom_out,crossfade
275,KENDİ AKLINDAN KORUNMAK,1622.592,1628.315,27:02.592,27:08.315,5.723,"Şarkılarıyla denizcileri büyüler, gemilerini kayalıklara sürükler ve ölümlerine yol açarlardı.",scene_19.jpg,MEVCUT GÖRSEL KULLANILABİLİR,"Görsel, cümledeki deniz yolculuğunu, ölüler dünyası ve kayıp temasını doğrudan destekliyor; anlatılan kişi/olayla çelişen bir unsur taşımıyor.",pan_left,crossfade
276,KENDİ AKLINDAN KORUNMAK,1628.315,1631.891,27:08.315,27:11.891,3.576,Odysseus bu şarkıyı duymak istiyordu.,scene_19.jpg,MEVCUT GÖRSEL KULLANILABİLİR,"Görsel, cümledeki Odysseus’u doğrudan destekliyor; anlatılan kişi/olayla çelişen bir unsur taşımıyor.",pan_right,crossfade
277,KENDİ AKLINDAN KORUNMAK,1631.891,1637.184,27:11.891,27:17.184,5.293,Fakat onu duyduğu anda kendi iradesine güvenemeyeceğini de biliyordu.,BLACK / NEW IMAGE NEEDED,YENİ GÖRSEL GEREKLİ,Kütüphanedeki mevcut görseller arasında bu cümleyi doğrudan ve yanlış çağrışım yaratmadan anlatan yeterince uygun bir görsel bulunmadığı için yeni görsel gerekli.,zoom_in,crossfade
278,KENDİ AKLINDAN KORUNMAK,1637.184,1641.189,27:17.184,27:21.189,4.005,Bu nedenle adamlarının kulaklarını balmumuyla kapattı.,scene_19.jpg,MEVCUT GÖRSEL KULLANILABİLİR,"Görsel, cümledeki tahta at veya hile temasını doğrudan destekliyor; anlatılan kişi/olayla çelişen bir unsur taşımıyor.",zoom_out,crossfade
279,KENDİ AKLINDAN KORUNMAK,1641.189,1645.194,27:21.189,27:25.194,4.005,Kendisini ise geminin direğine sıkıca bağlattı.,BLACK / NEW IMAGE NEEDED,YENİ GÖRSEL GEREKLİ,Kütüphanedeki mevcut görseller arasında bu cümleyi doğrudan ve yanlış çağrışım yaratmadan anlatan yeterince uygun bir görsel bulunmadığı için yeni görsel gerekli.,pan_left,crossfade
280,KENDİ AKLINDAN KORUNMAK,1645.194,1650.917,27:25.194,27:30.917,5.723,"Ne kadar yalvarırsa yalvarsın, ne emrederse emretsin onu çözmemelerini söyledi.",BLACK / NEW IMAGE NEEDED,YENİ GÖRSEL GEREKLİ,Kütüphanedeki mevcut görseller arasında bu cümleyi doğrudan ve yanlış çağrışım yaratmadan anlatan yeterince uygun bir görsel bulunmadığı için yeni görsel gerekli.,pan_right,crossfade
281,KENDİ AKLINDAN KORUNMAK,1650.917,1655.781,27:30.917,27:35.781,4.864,Sirenlerin şarkısını duyduğunda iplerden kurtulmak için bağırmaya başladı.,scene_19.jpg,MEVCUT GÖRSEL KULLANILABİLİR,"Görsel, cümledeki Sirenler bölümünü doğrudan destekliyor; anlatılan kişi/olayla çelişen bir unsur taşımıyor.",zoom_in,crossfade
282,KENDİ AKLINDAN KORUNMAK,1655.781,1661.074,27:35.781,27:41.074,5.293,Fakat adamları onu çözmek yerine bağlarını daha da sıkılaştırdı.,BLACK / NEW IMAGE NEEDED,YENİ GÖRSEL GEREKLİ,Kütüphanedeki mevcut görseller arasında bu cümleyi doğrudan ve yanlış çağrışım yaratmadan anlatan yeterince uygun bir görsel bulunmadığı için yeni görsel gerekli.,zoom_out,crossfade
283,KENDİ AKLINDAN KORUNMAK,1661.074,1665.938,27:41.074,27:45.938,4.864,Gemi tehlikeli bölgeden uzaklaştığında Sirenlerin etkisi sona erdi.,scene_19.jpg,MEVCUT GÖRSEL KULLANILABİLİR,"Görsel, cümledeki Sirenler bölümünü, deniz yolculuğunu doğrudan destekliyor; anlatılan kişi/olayla çelişen bir unsur taşımıyor.",pan_left,crossfade
284,KENDİ AKLINDAN KORUNMAK,1665.938,1674.237,27:45.938,27:54.237,8.299,Odysseus burada gelecekteki hâlinin yanlış karar vereceğini bilir ve henüz doğru düşünebilirken kendisine karşı önlem alır.,BLACK / NEW IMAGE NEEDED,YENİ GÖRSEL GEREKLİ,Kütüphanedeki mevcut görseller arasında bu cümleyi doğrudan ve yanlış çağrışım yaratmadan anlatan yeterince uygun bir görsel bulunmadığı için yeni görsel gerekli.,pan_right,crossfade
285,KENDİ AKLINDAN KORUNMAK,1674.237,1679.101,27:54.237,27:59.101,4.864,"Sirenleri iradesine güvendiği için değil, güvenmediği için yener.",scene_19.jpg,MEVCUT GÖRSEL KULLANILABİLİR,"Görsel, cümledeki Sirenler bölümünü doğrudan destekliyor; anlatılan kişi/olayla çelişen bir unsur taşımıyor.",zoom_in,crossfade
286,KENDİ AKLINDAN KORUNMAK,1679.101,1686.97,27:59.101,28:06.970,7.869,"Nolan filminde Sirenlerin sesi, onun gizli korkusuna da dokunur: Belki Odysseus gerçekten eve dönmek istemiyordur.",scene_19.jpg,MEVCUT GÖRSEL KULLANILABİLİR,"Görsel, cümledeki Odysseus’u, Sirenler bölümünü doğrudan destekliyor; anlatılan kişi/olayla çelişen bir unsur taşımıyor.",zoom_out,crossfade
287,KENDİ AKLINDAN KORUNMAK,1686.97,1691.405,28:06.970,28:11.405,4.435,"Belki canavarlar, fırtınalar ve tanrılar yalnızca bahanedir.",BLACK / NEW IMAGE NEEDED,YENİ GÖRSEL GEREKLİ,Kütüphanedeki mevcut görseller arasında bu cümleyi doğrudan ve yanlış çağrışım yaratmadan anlatan yeterince uygun bir görsel bulunmadığı için yeni görsel gerekli.,pan_left,crossfade
288,KENDİ AKLINDAN KORUNMAK,1691.405,1696.698,28:11.405,28:16.698,5.293,"Odysseus Sirenleri, adamlarına önceden verdiği açık talimat sayesinde geçer.",scene_19.jpg,MEVCUT GÖRSEL KULLANILABİLİR,"Görsel, cümledeki tahta at veya hile temasını, Odysseus’u doğrudan destekliyor; anlatılan kişi/olayla çelişen bir unsur taşımıyor.",pan_right,crossfade
289,KENDİ AKLINDAN KORUNMAK,1696.698,1707.144,28:16.698,28:27.144,10.446,"Fakat hemen ardından bunun tam tersi bir liderlik sınavıyla karşılaşır: Bu kez adamlarının kendisine güvenmesini isteyecek, fakat bildiği gerçeği onlara anlatmayacaktır.",BLACK / NEW IMAGE NEEDED,YENİ GÖRSEL GEREKLİ,Kütüphanedeki mevcut görseller arasında bu cümleyi doğrudan ve yanlış çağrışım yaratmadan anlatan yeterince uygun bir görsel bulunmadığı için yeni görsel gerekli.,zoom_in,crossfade
290,KENDİ AKLINDAN KORUNMAK,1707.144,1711.578,28:27.144,28:31.578,4.435,Çünkü önünde daha somut bir tehlike vardır.,BLACK / NEW IMAGE NEEDED,YENİ GÖRSEL GEREKLİ,Kütüphanedeki mevcut görseller arasında bu cümleyi doğrudan ve yanlış çağrışım yaratmadan anlatan yeterince uygun bir görsel bulunmadığı için yeni görsel gerekli.,zoom_out,crossfade
291,KENDİ AKLINDAN KORUNMAK,1711.578,1716.013,28:31.578,28:36.013,4.435,Gemisi iki deniz canavarının arasından geçmek zorundadır.,panel_39.jpg,MEVCUT GÖRSEL KULLANILABİLİR,"Görsel, cümledeki deniz yolculuğunu doğrudan destekliyor; anlatılan kişi/olayla çelişen bir unsur taşımıyor.",pan_left,crossfade
292,KENDİ AKLINDAN KORUNMAK,1716.013,1722.165,28:36.013,28:42.165,6.152,"Bir tarafta Skylla vardır: yüksek kayalıklarda yaşayan, çok başlı bir yaratık.",panel_39.jpg,MEVCUT GÖRSEL KULLANILABİLİR,"Görsel, cümledeki tahta at veya hile temasını, Skylla tehlikesini doğrudan destekliyor; anlatılan kişi/olayla çelişen bir unsur taşımıyor.",pan_right,crossfade
293,KENDİ AKLINDAN KORUNMAK,1722.165,1728.746,28:42.165,28:48.746,6.581,Diğer tarafta Kharybdis vardır: denizi belirli aralıklarla içine çeken dev bir girdap.,panel_39.jpg,MEVCUT GÖRSEL KULLANILABİLİR,"Görsel, cümledeki Kharybdis girdabını doğrudan destekliyor; anlatılan kişi/olayla çelişen bir unsur taşımıyor.",zoom_in,crossfade
294,KENDİ AKLINDAN KORUNMAK,1728.746,1732.322,28:48.746,28:52.322,3.576,Kharybdis’e yaklaşırsa gemideki herkes ölecektir.,panel_39.jpg,MEVCUT GÖRSEL KULLANILABİLİR,"Görsel, cümledeki Kharybdis girdabını, deniz yolculuğunu doğrudan destekliyor; anlatılan kişi/olayla çelişen bir unsur taşımıyor.",zoom_out,crossfade
295,KENDİ AKLINDAN KORUNMAK,1732.322,1735.898,28:52.322,28:55.898,3.576,Skylla’ya yaklaşırsa altı kişi ölecektir.,panel_39.jpg,MEVCUT GÖRSEL KULLANILABİLİR,"Görsel, cümledeki Skylla tehlikesini doğrudan destekliyor; anlatılan kişi/olayla çelişen bir unsur taşımıyor.",pan_left,crossfade
296,KENDİ AKLINDAN KORUNMAK,1735.898,1740.332,28:55.898,29:00.332,4.435,Odysseus gemisini Skylla’ya yakın sürmeye karar verir.,panel_39.jpg,MEVCUT GÖRSEL KULLANILABİLİR,"Görsel, cümledeki Odysseus’u, Skylla tehlikesini doğrudan destekliyor; anlatılan kişi/olayla çelişen bir unsur taşımıyor.",pan_right,crossfade
297,KENDİ AKLINDAN KORUNMAK,1740.332,1743.908,29:00.332,29:03.908,3.576,Skylla altı askeri yakalayıp öldürür.,panel_40.jpg,MEVCUT GÖRSEL KULLANILABİLİR,"Görsel, cümledeki Skylla tehlikesini doğrudan destekliyor; anlatılan kişi/olayla çelişen bir unsur taşımıyor.",zoom_in,crossfade
298,KENDİ AKLINDAN KORUNMAK,1743.908,1751.778,29:03.908,29:11.778,7.869,Odysseus daha büyük felaketi engeller; fakat adamlarına gerçeği söylemeden altı kişinin feda edilmesine karar verir.,panel_40.jpg,MEVCUT GÖRSEL KULLANILABİLİR,"Görsel, cümledeki tahta at veya hile temasını, Odysseus’u doğrudan destekliyor; anlatılan kişi/olayla çelişen bir unsur taşımıyor.",zoom_out,crossfade
299,KENDİ AKLINDAN KORUNMAK,1751.778,1757.071,29:11.778,29:17.071,5.293,Çoğunluğu kurtarmıştır ama ölecek insanlara hiçbir seçim hakkı tanımamıştır.,BLACK / NEW IMAGE NEEDED,YENİ GÖRSEL GEREKLİ,Kütüphanedeki mevcut görseller arasında bu cümleyi doğrudan ve yanlış çağrışım yaratmadan anlatan yeterince uygun bir görsel bulunmadığı için yeni görsel gerekli.,pan_left,crossfade
300,KENDİ AKLINDAN KORUNMAK,1757.071,1761.505,29:17.071,29:21.505,4.435,Skylla geçidinde Odysseus adamlarının yerine karar vermişti.,panel_39.jpg,MEVCUT GÖRSEL KULLANILABİLİR,"Görsel, cümledeki Odysseus’u, Skylla tehlikesini doğrudan destekliyor; anlatılan kişi/olayla çelişen bir unsur taşımıyor.",pan_right,crossfade
301,KENDİ AKLINDAN KORUNMAK,1761.505,1770.663,29:21.505,29:30.663,9.157,"Bir sonraki adada ise kontrol tamamen elinden çıkacak ve aç kalan askerler, bütün uyarılarına rağmen kendi kararlarını verecekti.",BLACK / NEW IMAGE NEEDED,YENİ GÖRSEL GEREKLİ,Kütüphanedeki mevcut görseller arasında bu cümleyi doğrudan ve yanlış çağrışım yaratmadan anlatan yeterince uygun bir görsel bulunmadığı için yeni görsel gerekli.,zoom_in,crossfade
302,KENDİ AKLINDAN KORUNMAK,1770.663,1776.815,29:30.663,29:36.815,6.152,Hayatta kalanlar sonunda güneş tanrısı Helios’un kutsal sığırlarının yaşadığı adaya ulaştı.,panel_41.jpg,MEVCUT GÖRSEL KULLANILABİLİR,"Görsel, cümledeki tahta at veya hile temasını, Helios’un kutsal sığırlarını doğrudan destekliyor; anlatılan kişi/olayla çelişen bir unsur taşımıyor.",zoom_out,crossfade
303,KENDİ AKLINDAN KORUNMAK,1776.815,1782.108,29:36.815,29:42.108,5.293,Teiresias ve Kirke onları bu hayvanlara dokunmamaları için uyarmıştı.,BLACK / NEW IMAGE NEEDED,YENİ GÖRSEL GEREKLİ,Kütüphanedeki mevcut görseller arasında bu cümleyi doğrudan ve yanlış çağrışım yaratmadan anlatan yeterince uygun bir görsel bulunmadığı için yeni görsel gerekli.,pan_left,crossfade
304,KENDİ AKLINDAN KORUNMAK,1782.108,1786.113,29:42.108,29:46.113,4.005,Fakat çıkan fırtına yüzünden adadan ayrılamadılar.,BLACK / NEW IMAGE NEEDED,YENİ GÖRSEL GEREKLİ,Kütüphanedeki mevcut görseller arasında bu cümleyi doğrudan ve yanlış çağrışım yaratmadan anlatan yeterince uygun bir görsel bulunmadığı için yeni görsel gerekli.,pan_right,crossfade
305,KENDİ AKLINDAN KORUNMAK,1786.113,1789.689,29:46.113,29:49.689,3.576,Yiyecekleri tükendi ve açlık başladı.,panel_41.jpg,MEVCUT GÖRSEL KULLANILABİLİR,"Görsel, “KENDİ AKLINDAN KORUNMAK” bölümünün mekânını, karakterini veya duygusal tonunu destekliyor ve cümlenin anlamıyla çelişmiyor.",zoom_in,crossfade
306,KENDİ AKLINDAN KORUNMAK,1789.689,1794.983,29:49.689,29:54.983,5.293,Odysseus dua etmek için uzaklaştı ve orada uykuya daldı.,BLACK / NEW IMAGE NEEDED,YENİ GÖRSEL GEREKLİ,Kütüphanedeki mevcut görseller arasında bu cümleyi doğrudan ve yanlış çağrışım yaratmadan anlatan yeterince uygun bir görsel bulunmadığı için yeni görsel gerekli.,zoom_out,crossfade
307,KENDİ AKLINDAN KORUNMAK,1794.983,1800.705,29:54.983,30:00.705,5.723,"O uyurken Eurylochos, diğer askerleri kutsal sığırları kesmeye ikna etti.",panel_42.jpg,MEVCUT GÖRSEL KULLANILABİLİR,"Görsel, “KENDİ AKLINDAN KORUNMAK” bölümünün mekânını, karakterini veya duygusal tonunu destekliyor ve cümlenin anlamıyla çelişmiyor.",pan_left,crossfade
308,KENDİ AKLINDAN KORUNMAK,1800.705,1804.71,30:00.705,30:04.710,4.005,Yani sığırları öldüren kişi Odysseus değildi.,panel_42.jpg,MEVCUT GÖRSEL KULLANILABİLİR,"Görsel, cümledeki Odysseus’u doğrudan destekliyor; anlatılan kişi/olayla çelişen bir unsur taşımıyor.",pan_right,crossfade
309,KENDİ AKLINDAN KORUNMAK,1804.71,1810.004,30:04.710,30:10.004,5.293,Fakat lideri olduğu insanların kararlarının sonuçlarından yine de kaçamadı.,BLACK / NEW IMAGE NEEDED,YENİ GÖRSEL GEREKLİ,Kütüphanedeki mevcut görseller arasında bu cümleyi doğrudan ve yanlış çağrışım yaratmadan anlatan yeterince uygun bir görsel bulunmadığı için yeni görsel gerekli.,zoom_in,crossfade
310,KENDİ AKLINDAN KORUNMAK,1810.004,1814.438,30:10.004,30:14.438,4.435,Helios öfkelendi ve Zeus’tan onları cezalandırmasını istedi.,panel_41.jpg,MEVCUT GÖRSEL KULLANILABİLİR,"Görsel, cümledeki Helios’un kutsal sığırlarını doğrudan destekliyor; anlatılan kişi/olayla çelişen bir unsur taşımıyor.",zoom_out,crossfade
311,KENDİ AKLINDAN KORUNMAK,1814.438,1819.731,30:14.438,30:19.731,5.293,Gemi yeniden denize açıldığında Zeus’un gönderdiği yıldırım gemiyi parçaladı.,panel_43.jpg,MEVCUT GÖRSEL KULLANILABİLİR,"Görsel, cümledeki deniz yolculuğunu doğrudan destekliyor; anlatılan kişi/olayla çelişen bir unsur taşımıyor.",pan_left,crossfade
312,KENDİ AKLINDAN KORUNMAK,1819.731,1822.878,30:19.731,30:22.878,3.147,Odysseus dışında herkes ölür.,panel_43.jpg,MEVCUT GÖRSEL KULLANILABİLİR,"Görsel, cümledeki Odysseus’u, ölüler dünyası ve kayıp temasını doğrudan destekliyor; anlatılan kişi/olayla çelişen bir unsur taşımıyor.",pan_right,crossfade
313,KENDİ AKLINDAN KORUNMAK,1822.878,1827.742,30:22.878,30:27.742,4.864,Troya’dan yüzlerce insanla ayrılan kral artık tamamen yalnızdır.,panel_44.jpg,MEVCUT GÖRSEL KULLANILABİLİR,"Görsel, “KENDİ AKLINDAN KORUNMAK” bölümünün mekânını, karakterini veya duygusal tonunu destekliyor ve cümlenin anlamıyla çelişmiyor.",zoom_in,crossfade
314,KENDİ AKLINDAN KORUNMAK,1827.742,1833.465,30:27.742,30:33.465,5.723,Teiresias’ın uyarısı ve Polyphemos’un duası gerçekleşmiştir: Odysseus bütün arkadaşlarını kaybetmiştir.,BLACK / NEW IMAGE NEEDED,YENİ GÖRSEL GEREKLİ,Kütüphanedeki mevcut görseller arasında bu cümleyi doğrudan ve yanlış çağrışım yaratmadan anlatan yeterince uygun bir görsel bulunmadığı için yeni görsel gerekli.,zoom_out,crossfade
315,KENDİ AKLINDAN KORUNMAK,1833.465,1836.611,30:33.465,30:36.611,3.147,Fakat cezası henüz tamamlanmamıştı.,BLACK / NEW IMAGE NEEDED,YENİ GÖRSEL GEREKLİ,Kütüphanedeki mevcut görseller arasında bu cümleyi doğrudan ve yanlış çağrışım yaratmadan anlatan yeterince uygun bir görsel bulunmadığı için yeni görsel gerekli.,pan_left,crossfade
316,KENDİ AKLINDAN KORUNMAK,1836.611,1842.763,30:36.611,30:42.763,6.152,"Deniz onu doğrudan evine değil, yıllarca ayrılamayacağı başka bir adaya taşıyacaktı.",BLACK / NEW IMAGE NEEDED,YENİ GÖRSEL GEREKLİ,Kütüphanedeki mevcut görseller arasında bu cümleyi doğrudan ve yanlış çağrışım yaratmadan anlatan yeterince uygun bir görsel bulunmadığı için yeni görsel gerekli.,pan_right,crossfade
317,"KALYPSO: HAPİSHANE Mİ, SIĞINAK MI?",1842.763,1849.774,30:42.763,30:49.774,7.011,Odysseus günlerce denizde sürüklendikten sonra Kalypso isimli ölümsüz bir kadının yaşadığı adaya ulaştı.,panel_46.jpg,MEVCUT GÖRSEL KULLANILABİLİR,"Görsel, cümledeki Odysseus’u, Kalypso bölümünü doğrudan destekliyor; anlatılan kişi/olayla çelişen bir unsur taşımıyor.",zoom_in,crossfade
318,"KALYPSO: HAPİSHANE Mİ, SIĞINAK MI?",1849.774,1855.496,30:49.774,30:55.496,5.723,Filmde adı Calypso olarak geçiyor ve onu Charlize Theron canlandırıyor.,panel_46.jpg,MEVCUT GÖRSEL KULLANILABİLİR,"Görsel, “KALYPSO: HAPİSHANE Mİ, SIĞINAK MI?” bölümünün mekânını, karakterini veya duygusal tonunu destekliyor ve cümlenin anlamıyla çelişmiyor.",zoom_out,crossfade
319,"KALYPSO: HAPİSHANE Mİ, SIĞINAK MI?",1855.496,1862.078,30:55.496,31:02.078,6.581,"Homeros’ta Kalypso, Odysseus’u adasında yedi yıl tutar ve ona ölümsüzlük teklif eder.",panel_46.jpg,MEVCUT GÖRSEL KULLANILABİLİR,"Görsel, cümledeki Odysseus’u, Kalypso bölümünü doğrudan destekliyor; anlatılan kişi/olayla çelişen bir unsur taşımıyor.",pan_left,crossfade
320,"KALYPSO: HAPİSHANE Mİ, SIĞINAK MI?",1862.078,1867.371,31:02.078,31:07.371,5.293,Odysseus ise günlerini kıyıda İthaka’yı ve Penelope’yi düşünerek geçirir.,panel_47.jpg,MEVCUT GÖRSEL KULLANILABİLİR,"Görsel, cümledeki Odysseus’u, Penelope’yi doğrudan destekliyor; anlatılan kişi/olayla çelişen bir unsur taşımıyor.",pan_right,crossfade
321,"KALYPSO: HAPİSHANE Mİ, SIĞINAK MI?",1867.371,1873.094,31:07.371,31:13.094,5.723,Bu ilişki özgürce seçilmiş bir aşk değildir; Odysseus adadan ayrılamaz.,panel_49.jpg,MEVCUT GÖRSEL KULLANILABİLİR,"Görsel, cümledeki Odysseus’u doğrudan destekliyor; anlatılan kişi/olayla çelişen bir unsur taşımıyor.",zoom_in,crossfade
322,"KALYPSO: HAPİSHANE Mİ, SIĞINAK MI?",1873.094,1877.957,31:13.094,31:17.957,4.864,"Sonunda Athena’nın girişimiyle Zeus, Kalypso’ya onu bırakmasını emreder.",panel_48.jpg,MEVCUT GÖRSEL KULLANILABİLİR,"Görsel, cümledeki tahta at veya hile temasını, Kalypso bölümünü doğrudan destekliyor; anlatılan kişi/olayla çelişen bir unsur taşımıyor.",zoom_out,crossfade
323,"KALYPSO: HAPİSHANE Mİ, SIĞINAK MI?",1877.957,1881.963,31:17.957,31:21.963,4.005,Nolan bu hikâyeyi büyük ölçüde değiştirir.,BLACK / NEW IMAGE NEEDED,YENİ GÖRSEL GEREKLİ,Kütüphanedeki mevcut görseller arasında bu cümleyi doğrudan ve yanlış çağrışım yaratmadan anlatan yeterince uygun bir görsel bulunmadığı için yeni görsel gerekli.,pan_left,crossfade
324,"KALYPSO: HAPİSHANE Mİ, SIĞINAK MI?",1881.963,1886.827,31:21.963,31:26.827,4.864,"Filmde Kalypso, Lotus Yiyenler bölümünün görevini de üstlenir.",panel_46.jpg,MEVCUT GÖRSEL KULLANILABİLİR,"Görsel, cümledeki Kalypso bölümünü, ölüler dünyası ve kayıp temasını doğrudan destekliyor; anlatılan kişi/olayla çelişen bir unsur taşımıyor.",pan_right,crossfade
325,"KALYPSO: HAPİSHANE Mİ, SIĞINAK MI?",1886.827,1896.413,31:26.827,31:36.413,9.587,"Odysseus’a verdiği lotus çiçekleri onun bedenini değil, hafızasını bağlar; Odysseus kim olduğunu ve neden eve dönmek istediğini unutmaya başlar.",panel_47.jpg,MEVCUT GÖRSEL KULLANILABİLİR,"Görsel, cümledeki Odysseus’u, lotus ve unutma temasını doğrudan destekliyor; anlatılan kişi/olayla çelişen bir unsur taşımıyor.",zoom_in,crossfade
326,"KALYPSO: HAPİSHANE Mİ, SIĞINAK MI?",1896.413,1900.848,31:36.413,31:40.848,4.435,"Kalypso ona, “Eve dönmeye hazır değildin,” der.",panel_46.jpg,MEVCUT GÖRSEL KULLANILABİLİR,"Görsel, cümledeki Kalypso bölümünü doğrudan destekliyor; anlatılan kişi/olayla çelişen bir unsur taşımıyor.",zoom_out,crossfade
327,"KALYPSO: HAPİSHANE Mİ, SIĞINAK MI?",1900.848,1906.571,31:40.848,31:46.571,5.723,Bu cümle Nolan’ın bütün yolculuğa getirdiği modern yorumun anahtarlarından biridir.,BLACK / NEW IMAGE NEEDED,YENİ GÖRSEL GEREKLİ,Kütüphanedeki mevcut görseller arasında bu cümleyi doğrudan ve yanlış çağrışım yaratmadan anlatan yeterince uygun bir görsel bulunmadığı için yeni görsel gerekli.,pan_left,crossfade
328,"KALYPSO: HAPİSHANE Mİ, SIĞINAK MI?",1906.571,1913.152,31:46.571,31:53.152,6.581,"Belki Odysseus’un eve dönüşünü geciktiren şey yalnızca Poseidon, fırtınalar ve canavarlar değildir.",panel_49.jpg,MEVCUT GÖRSEL KULLANILABİLİR,"Görsel, cümledeki Odysseus’u, Poseidon ve deniz tehdidini doğrudan destekliyor; anlatılan kişi/olayla çelişen bir unsur taşımıyor.",pan_right,crossfade
329,"KALYPSO: HAPİSHANE Mİ, SIĞINAK MI?",1913.152,1921.451,31:53.152,32:01.451,8.299,"Belki Truva’da yaptıklarından sonra kendisini eve dönmeyi hak eden bir eş, baba veya kral olarak göremiyordur.",BLACK / NEW IMAGE NEEDED,YENİ GÖRSEL GEREKLİ,Kütüphanedeki mevcut görseller arasında bu cümleyi doğrudan ve yanlış çağrışım yaratmadan anlatan yeterince uygun bir görsel bulunmadığı için yeni görsel gerekli.,zoom_in,crossfade
330,"KALYPSO: HAPİSHANE Mİ, SIĞINAK MI?",1921.451,1926.315,32:01.451,32:06.315,4.864,Bu yorumda Kalypso’nun adası yalnızca bir hapishane değildir.,panel_46.jpg,MEVCUT GÖRSEL KULLANILABİLİR,"Görsel, cümledeki Kalypso bölümünü doğrudan destekliyor; anlatılan kişi/olayla çelişen bir unsur taşımıyor.",zoom_out,crossfade
331,"KALYPSO: HAPİSHANE Mİ, SIĞINAK MI?",1926.315,1931.179,32:06.315,32:11.179,4.864,Odysseus’un suçluluğunu ve ölen arkadaşlarını unutabildiği bir sığınaktır.,panel_46.jpg,MEVCUT GÖRSEL KULLANILABİLİR,"Görsel, cümledeki Odysseus’u doğrudan destekliyor; anlatılan kişi/olayla çelişen bir unsur taşımıyor.",pan_left,crossfade
332,"KALYPSO: HAPİSHANE Mİ, SIĞINAK MI?",1931.179,1936.472,32:11.179,32:16.472,5.293,Fakat orada kalabilmek için kendi kimliğini de kaybetmesi gerekir.,panel_47.jpg,MEVCUT GÖRSEL KULLANILABİLİR,"Görsel, cümledeki tahta at veya hile temasını doğrudan destekliyor; anlatılan kişi/olayla çelişen bir unsur taşımıyor.",pan_right,crossfade
333,"KALYPSO: HAPİSHANE Mİ, SIĞINAK MI?",1936.472,1945.629,32:16.472,32:25.629,9.157,"Film, Kirke’de olduğu gibi Kalypso’yla cinsel ilişkiyi de çıkarır ve Odysseus’un Penelope’ye bağlılığını çok daha görünür hâle getirir.",panel_47.jpg,MEVCUT GÖRSEL KULLANILABİLİR,"Görsel, cümledeki Odysseus’u, Kirke bölümünü doğrudan destekliyor; anlatılan kişi/olayla çelişen bir unsur taşımıyor.",zoom_in,crossfade
334,"KALYPSO: HAPİSHANE Mİ, SIĞINAK MI?",1945.629,1955.645,32:25.629,32:35.645,10.016,"Homeros’un daha çelişkili ve farklı güç ilişkileri içinde hareket eden Odysseus’u, Nolan’ın filminde eşine dönmek isteyen travmalı bir askere dönüşür.",BLACK / NEW IMAGE NEEDED,YENİ GÖRSEL GEREKLİ,Kütüphanedeki mevcut görseller arasında bu cümleyi doğrudan ve yanlış çağrışım yaratmadan anlatan yeterince uygun bir görsel bulunmadığı için yeni görsel gerekli.,zoom_out,crossfade
335,"KALYPSO: HAPİSHANE Mİ, SIĞINAK MI?",1955.645,1960.939,32:35.645,32:40.939,5.293,Odysseus sonunda kim olduğunu ve nereye gitmek istediğini hatırlar.,panel_47.jpg,MEVCUT GÖRSEL KULLANILABİLİR,"Görsel, cümledeki tahta at veya hile temasını, Odysseus’u doğrudan destekliyor; anlatılan kişi/olayla çelişen bir unsur taşımıyor.",pan_left,crossfade
336,"KALYPSO: HAPİSHANE Mİ, SIĞINAK MI?",1960.939,1964.515,32:40.939,32:44.515,3.576,Kendi salını yaparak adadan ayrılır.,panel_49.jpg,MEVCUT GÖRSEL KULLANILABİLİR,"Görsel, “KALYPSO: HAPİSHANE Mİ, SIĞINAK MI?” bölümünün mekânını, karakterini veya duygusal tonunu destekliyor ve cümlenin anlamıyla çelişmiyor.",pan_right,crossfade
337,"KALYPSO: HAPİSHANE Mİ, SIĞINAK MI?",1964.515,1968.949,32:44.515,32:48.949,4.435,Fakat hatırlamak tek başına eve dönmeye yetmez.,BLACK / NEW IMAGE NEEDED,YENİ GÖRSEL GEREKLİ,Kütüphanedeki mevcut görseller arasında bu cümleyi doğrudan ve yanlış çağrışım yaratmadan anlatan yeterince uygun bir görsel bulunmadığı için yeni görsel gerekli.,zoom_in,crossfade
338,"KALYPSO: HAPİSHANE Mİ, SIĞINAK MI?",1968.949,1977.248,32:48.949,32:57.248,8.299,Odysseus artık güvenli unutuluşu bırakıp hem Poseidon’un denizini hem de geçmişinin acısını yeniden göze almak zorundadır.,panel_49.jpg,MEVCUT GÖRSEL KULLANILABİLİR,"Görsel, cümledeki Odysseus’u, Poseidon ve deniz tehdidini doğrudan destekliyor; anlatılan kişi/olayla çelişen bir unsur taşımıyor.",zoom_out,crossfade
339,"KALYPSO: HAPİSHANE Mİ, SIĞINAK MI?",1977.248,1982.97,32:57.248,33:02.970,5.723,Kalypso’nun adasından ayrıldığı anda Poseidon onu son kez durdurmaya çalışır.,panel_49.jpg,MEVCUT GÖRSEL KULLANILABİLİR,"Görsel, cümledeki Poseidon ve deniz tehdidini, Kalypso bölümünü doğrudan destekliyor; anlatılan kişi/olayla çelişen bir unsur taşımıyor.",pan_left,crossfade
340,ODYSSEUS KENDİ HİKÂYESİNİ Mİ ANLATIYOR?,1982.97,1987.834,33:02.970,33:07.834,4.864,"Homeros’un destanında Poseidon, Odysseus’un salını bir fırtınayla parçalar.",panel_44.jpg,MEVCUT GÖRSEL KULLANILABİLİR,"Görsel, cümledeki Odysseus’u, Poseidon ve deniz tehdidini doğrudan destekliyor; anlatılan kişi/olayla çelişen bir unsur taşımıyor.",pan_right,crossfade
341,ODYSSEUS KENDİ HİKÂYESİNİ Mİ ANLATIYOR?,1987.834,1991.41,33:07.834,33:11.410,3.576,Odysseus güçlükle Phaiakların ülkesine ulaşır.,panel_12.jpg,MEVCUT GÖRSEL KULLANILABİLİR,"Görsel, cümledeki Odysseus’u doğrudan destekliyor; anlatılan kişi/olayla çelişen bir unsur taşımıyor.",zoom_in,crossfade
342,ODYSSEUS KENDİ HİKÂYESİNİ Mİ ANLATIYOR?,1991.41,1997.133,33:11.410,33:17.133,5.723,Phaiaklar denizcilikte çok başarılı ve yabancılara karşı cömert bir halktır.,panel_12.jpg,MEVCUT GÖRSEL KULLANILABİLİR,"Görsel, “ODYSSEUS KENDİ HİKÂYESİNİ Mİ ANLATIYOR?” bölümünün mekânını, karakterini veya duygusal tonunu destekliyor ve cümlenin anlamıyla çelişmiyor.",zoom_out,crossfade
343,ODYSSEUS KENDİ HİKÂYESİNİ Mİ ANLATIYOR?,1997.133,2005.002,33:17.133,33:25.002,7.869,"Kralın kızı Nausikaa onu bulur ve kraliyet ailesi, kim olduğunu bilmedikleri bu yabancıyı sarayda ağırlar.",panel_10.jpg,MEVCUT GÖRSEL KULLANILABİLİR,"Görsel, “ODYSSEUS KENDİ HİKÂYESİNİ Mİ ANLATIYOR?” bölümünün mekânını, karakterini veya duygusal tonunu destekliyor ve cümlenin anlamıyla çelişmiyor.",pan_left,crossfade
344,ODYSSEUS KENDİ HİKÂYESİNİ Mİ ANLATIYOR?,2005.002,2009.866,33:25.002,33:29.866,4.864,"Phaiaklar, Zeus’un misafirperverlik yasasına uyan ideal ev sahipleridir.",panel_12.jpg,MEVCUT GÖRSEL KULLANILABİLİR,"Görsel, “ODYSSEUS KENDİ HİKÂYESİNİ Mİ ANLATIYOR?” bölümünün mekânını, karakterini veya duygusal tonunu destekliyor ve cümlenin anlamıyla çelişmiyor.",pan_right,crossfade
345,ODYSSEUS KENDİ HİKÂYESİNİ Mİ ANLATIYOR?,2009.866,2020.741,33:29.866,33:40.741,10.875,"Sarayda Demodokos isimli bir ozan, yani hikâyeleri şiir ve müzikle aktaran bir anlatıcı, Truva Savaşı’nı ve tahta atı anlatan bir şarkı söyler.",panel_12.jpg,MEVCUT GÖRSEL KULLANILABİLİR,"Görsel, cümledeki Troya/Truva bağlamını, tahta at veya hile temasını doğrudan destekliyor; anlatılan kişi/olayla çelişen bir unsur taşımıyor.",zoom_in,crossfade
346,ODYSSEUS KENDİ HİKÂYESİNİ Mİ ANLATIYOR?,2020.741,2024.746,33:40.741,33:44.746,4.005,Odysseus kendi geçmişini dinlerken gizlice ağlar.,BLACK / NEW IMAGE NEEDED,YENİ GÖRSEL GEREKLİ,Kütüphanedeki mevcut görseller arasında bu cümleyi doğrudan ve yanlış çağrışım yaratmadan anlatan yeterince uygun bir görsel bulunmadığı için yeni görsel gerekli.,zoom_out,crossfade
347,ODYSSEUS KENDİ HİKÂYESİNİ Mİ ANLATIYOR?,2024.746,2027.893,33:44.746,33:47.893,3.147,Sonunda gerçek kimliğini açıklar.,BLACK / NEW IMAGE NEEDED,YENİ GÖRSEL GEREKLİ,Kütüphanedeki mevcut görseller arasında bu cümleyi doğrudan ve yanlış çağrışım yaratmadan anlatan yeterince uygun bir görsel bulunmadığı için yeni görsel gerekli.,pan_left,crossfade
348,ODYSSEUS KENDİ HİKÂYESİNİ Mİ ANLATIYOR?,2027.893,2035.333,33:47.893,33:55.333,7.44,"Sonra Kiklop’tan Kirke’ye, Sirenlerden Skylla’ya kadar izlediğimiz maceraların büyük bölümünü Phaiaklara bizzat kendisi anlatır.",panel_12.jpg,MEVCUT GÖRSEL KULLANILABİLİR,"Görsel, cümledeki tahta at veya hile temasını, Kirke bölümünü doğrudan destekliyor; anlatılan kişi/olayla çelişen bir unsur taşımıyor.",pan_right,crossfade
349,ODYSSEUS KENDİ HİKÂYESİNİ Mİ ANLATIYOR?,2035.333,2038.479,33:55.333,33:58.479,3.147,Bu ayrıntı çok önemlidir.,BLACK / NEW IMAGE NEEDED,YENİ GÖRSEL GEREKLİ,Kütüphanedeki mevcut görseller arasında bu cümleyi doğrudan ve yanlış çağrışım yaratmadan anlatan yeterince uygun bir görsel bulunmadığı için yeni görsel gerekli.,zoom_in,crossfade
350,ODYSSEUS KENDİ HİKÂYESİNİ Mİ ANLATIYOR?,2038.479,2044.631,33:58.479,34:04.631,6.152,Çünkü Odysseia’daki en meşhur maceraların doğrudan ve tarafsız bir anlatıcısı yoktur.,panel_13.jpg,MEVCUT GÖRSEL KULLANILABİLİR,"Görsel, cümledeki tahta at veya hile temasını doğrudan destekliyor; anlatılan kişi/olayla çelişen bir unsur taşımıyor.",zoom_out,crossfade
351,ODYSSEUS KENDİ HİKÂYESİNİ Mİ ANLATIYOR?,2044.631,2052.501,34:04.631,34:12.501,7.869,"Biz bu olayları, çok iyi yalan söyleyebilen ve kendisini anlatmayı seven Odysseus’un kendi ağzından dinleriz.",panel_13.jpg,MEVCUT GÖRSEL KULLANILABİLİR,"Görsel, cümledeki tahta at veya hile temasını, Odysseus’u doğrudan destekliyor; anlatılan kişi/olayla çelişen bir unsur taşımıyor.",pan_left,crossfade
352,ODYSSEUS KENDİ HİKÂYESİNİ Mİ ANLATIYOR?,2052.501,2056.506,34:12.501,34:16.506,4.005,"Bu, anlattıklarının yalan olduğu anlamına gelmez.",panel_13.jpg,MEVCUT GÖRSEL KULLANILABİLİR,"Görsel, cümledeki tahta at veya hile temasını doğrudan destekliyor; anlatılan kişi/olayla çelişen bir unsur taşımıyor.",pan_right,crossfade
353,ODYSSEUS KENDİ HİKÂYESİNİ Mİ ANLATIYOR?,2056.506,2063.946,34:16.506,34:23.946,7.44,"Fakat kendisini daha zeki, daha cesur veya daha masum gösterecek biçimde anlatmış olabileceğini düşündürür.",panel_13.jpg,MEVCUT GÖRSEL KULLANILABİLİR,"Görsel, cümledeki tahta at veya hile temasını doğrudan destekliyor; anlatılan kişi/olayla çelişen bir unsur taşımıyor.",zoom_in,crossfade
354,ODYSSEUS KENDİ HİKÂYESİNİ Mİ ANLATIYOR?,2063.946,2071.386,34:23.946,34:31.386,7.44,"Adamlarını kaybeden bir lider, suçun ne kadarını tanrılara ve artık cevap veremeyecek ölülere yükler?",BLACK / NEW IMAGE NEEDED,YENİ GÖRSEL GEREKLİ,Kütüphanedeki mevcut görseller arasında bu cümleyi doğrudan ve yanlış çağrışım yaratmadan anlatan yeterince uygun bir görsel bulunmadığı için yeni görsel gerekli.,zoom_out,crossfade
355,ODYSSEUS KENDİ HİKÂYESİNİ Mİ ANLATIYOR?,2071.386,2076.679,34:31.386,34:36.679,5.293,"Nolan, Phaiakları çıkarır ve Odysseus’u Kalypso’dan doğrudan İthaka’ya gönderir.",panel_12.jpg,MEVCUT GÖRSEL KULLANILABİLİR,"Görsel, cümledeki Odysseus’u, Kalypso bölümünü doğrudan destekliyor; anlatılan kişi/olayla çelişen bir unsur taşımıyor.",pan_left,crossfade
356,ODYSSEUS KENDİ HİKÂYESİNİ Mİ ANLATIYOR?,2076.679,2084.978,34:36.679,34:44.978,8.299,Böylece kendi maceralarını anlatan hikâyeci geri plana çekilir; onun yerini parçalanmış hafızasını toparlayan bir asker alır.,panel_13.jpg,MEVCUT GÖRSEL KULLANILABİLİR,"Görsel, cümledeki tahta at veya hile temasını doğrudan destekliyor; anlatılan kişi/olayla çelişen bir unsur taşımıyor.",pan_right,crossfade
357,ODYSSEUS KENDİ HİKÂYESİNİ Mİ ANLATIYOR?,2084.978,2090.271,34:44.978,34:50.271,5.293,Homeros’ta ise Phaiaklar onu hızlı gemilerinden biriyle İthaka’ya götürür.,panel_12.jpg,MEVCUT GÖRSEL KULLANILABİLİR,"Görsel, cümledeki İthaka ve eve dönüş temasını, deniz yolculuğunu doğrudan destekliyor; anlatılan kişi/olayla çelişen bir unsur taşımıyor.",zoom_in,crossfade
358,ODYSSEUS KENDİ HİKÂYESİNİ Mİ ANLATIYOR?,2090.271,2093.418,34:50.271,34:53.418,3.147,Odysseus gemide uykuya dalar.,panel_50.jpg,MEVCUT GÖRSEL KULLANILABİLİR,"Görsel, cümledeki Odysseus’u, deniz yolculuğunu doğrudan destekliyor; anlatılan kişi/olayla çelişen bir unsur taşımıyor.",zoom_out,crossfade
359,ODYSSEUS KENDİ HİKÂYESİNİ Mİ ANLATIYOR?,2093.418,2097.852,34:53.418,34:57.852,4.435,Uyandığında yirmi yıl sonra yeniden kendi adasındadır.,BLACK / NEW IMAGE NEEDED,YENİ GÖRSEL GEREKLİ,Kütüphanedeki mevcut görseller arasında bu cümleyi doğrudan ve yanlış çağrışım yaratmadan anlatan yeterince uygun bir görsel bulunmadığı için yeni görsel gerekli.,pan_left,crossfade
360,ODYSSEUS KENDİ HİKÂYESİNİ Mİ ANLATIYOR?,2097.852,2100.999,34:57.852,35:00.999,3.147,Coğrafi yolculuk sona ermiştir.,BLACK / NEW IMAGE NEEDED,YENİ GÖRSEL GEREKLİ,Kütüphanedeki mevcut görseller arasında bu cümleyi doğrudan ve yanlış çağrışım yaratmadan anlatan yeterince uygun bir görsel bulunmadığı için yeni görsel gerekli.,pan_right,crossfade
361,ODYSSEUS KENDİ HİKÂYESİNİ Mİ ANLATIYOR?,2100.999,2105.863,35:00.999,35:05.863,4.864,"Fakat evine dönmek, yalnızca kıyıya ulaşmak demek değildir.",panel_50.jpg,MEVCUT GÖRSEL KULLANILABİLİR,"Görsel, cümledeki tahta at veya hile temasını doğrudan destekliyor; anlatılan kişi/olayla çelişen bir unsur taşımıyor.",zoom_in,crossfade
362,ODYSSEUS KENDİ HİKÂYESİNİ Mİ ANLATIYOR?,2105.863,2111.585,35:05.863,35:11.585,5.723,Odysseus bir zamanlar Polyphemos’a kendisini “Hiç Kimse” diye tanıtarak kurtulmuştu.,panel_51.jpg,MEVCUT GÖRSEL KULLANILABİLİR,"Görsel, cümledeki Odysseus’u, Polyphemos/Kiklop olayını doğrudan destekliyor; anlatılan kişi/olayla çelişen bir unsur taşımıyor.",zoom_out,crossfade
363,ODYSSEUS KENDİ HİKÂYESİNİ Mİ ANLATIYOR?,2111.585,2121.602,35:11.585,35:21.602,10.016,"Şimdi yeniden Odysseus olabilmek için kendi ülkesine bir kez daha hiç kimse olarak, kimliği bilinmeyen bir yabancı gibi girmek zorundadır.",panel_51.jpg,MEVCUT GÖRSEL KULLANILABİLİR,"Görsel, cümledeki Odysseus’u doğrudan destekliyor; anlatılan kişi/olayla çelişen bir unsur taşımıyor.",pan_left,crossfade
364,İTHAKA’DA ONU BEKLEYEN SAVAŞ,2121.602,2126.036,35:21.602,35:26.036,4.435,Odysseus savaşa giderken oğlu Telemakhos henüz bebekti.,panel_53.jpg,MEVCUT GÖRSEL KULLANILABİLİR,"Görsel, cümledeki Odysseus’u, Telemakhos’u doğrudan destekliyor; anlatılan kişi/olayla çelişen bir unsur taşımıyor.",pan_right,crossfade
365,İTHAKA’DA ONU BEKLEYEN SAVAŞ,2126.036,2130.471,35:26.036,35:30.471,4.435,Şimdi yaklaşık yirmi yaşında genç bir adamdır.,BLACK / NEW IMAGE NEEDED,YENİ GÖRSEL GEREKLİ,Kütüphanedeki mevcut görseller arasında bu cümleyi doğrudan ve yanlış çağrışım yaratmadan anlatan yeterince uygun bir görsel bulunmadığı için yeni görsel gerekli.,zoom_in,crossfade
366,İTHAKA’DA ONU BEKLEYEN SAVAŞ,2130.471,2136.623,35:30.471,35:36.623,6.152,Odysseus’un eşi Penelope ise yirmi yıldır kocasının dönüp dönmeyeceğini bilmeden yaşamaktadır.,panel_57.jpg,MEVCUT GÖRSEL KULLANILABİLİR,"Görsel, cümledeki Odysseus’u, Penelope’yi doğrudan destekliyor; anlatılan kişi/olayla çelişen bir unsur taşımıyor.",zoom_out,crossfade
367,İTHAKA’DA ONU BEKLEYEN SAVAŞ,2136.623,2144.492,35:36.623,35:44.492,7.869,Odysseus öldü sanıldığı için İthaka ve çevresindeki soylu ailelerden çok sayıda erkek Penelope’yle evlenmek ister.,panel_57.jpg,MEVCUT GÖRSEL KULLANILABİLİR,"Görsel, cümledeki Odysseus’u, Penelope’yi doğrudan destekliyor; anlatılan kişi/olayla çelişen bir unsur taşımıyor.",pan_left,crossfade
368,İTHAKA’DA ONU BEKLEYEN SAVAŞ,2144.492,2147.639,35:44.492,35:47.639,3.147,Bu erkeklere talipler denir.,panel_57.jpg,MEVCUT GÖRSEL KULLANILABİLİR,"Görsel, “İTHAKA’DA ONU BEKLEYEN SAVAŞ” bölümünün mekânını, karakterini veya duygusal tonunu destekliyor ve cümlenin anlamıyla çelişmiyor.",pan_right,crossfade
369,İTHAKA’DA ONU BEKLEYEN SAVAŞ,2147.639,2157.225,35:47.639,35:57.225,9.587,"Penelope’yle evlenmek onlara yalnızca bir eş değil, Odysseus’un hanesi, serveti ve İthaka’daki iktidarı üzerinde güçlü bir hak iddiası sağlayacaktır.",panel_57.jpg,MEVCUT GÖRSEL KULLANILABİLİR,"Görsel, cümledeki Odysseus’u, Penelope’yi doğrudan destekliyor; anlatılan kişi/olayla çelişen bir unsur taşımıyor.",zoom_in,crossfade
370,İTHAKA’DA ONU BEKLEYEN SAVAŞ,2157.225,2160.801,35:57.225,36:00.801,3.576,Talipler yıllardır Odysseus’un sarayında yaşar.,panel_57.jpg,MEVCUT GÖRSEL KULLANILABİLİR,"Görsel, cümledeki Odysseus’u doğrudan destekliyor; anlatılan kişi/olayla çelişen bir unsur taşımıyor.",zoom_out,crossfade
371,İTHAKA’DA ONU BEKLEYEN SAVAŞ,2160.801,2165.236,36:00.801,36:05.236,4.435,"Hayvanlarını keser, şarabını içer ve servetini tüketir.",panel_55.jpg,MEVCUT GÖRSEL KULLANILABİLİR,"Görsel, “İTHAKA’DA ONU BEKLEYEN SAVAŞ” bölümünün mekânını, karakterini veya duygusal tonunu destekliyor ve cümlenin anlamıyla çelişmiyor.",pan_left,crossfade
372,İTHAKA’DA ONU BEKLEYEN SAVAŞ,2165.236,2169.67,36:05.236,36:09.670,4.435,Yani ev sahibinin yokluğundan yararlanan kötü misafirlerdir.,panel_55.jpg,MEVCUT GÖRSEL KULLANILABİLİR,"Görsel, “İTHAKA’DA ONU BEKLEYEN SAVAŞ” bölümünün mekânını, karakterini veya duygusal tonunu destekliyor ve cümlenin anlamıyla çelişmiyor.",pan_right,crossfade
373,İTHAKA’DA ONU BEKLEYEN SAVAŞ,2169.67,2177.54,36:09.670,36:17.540,7.869,"Truva Atı’nda misafirperverlik güvenini bozan Odysseus, evine döndüğünde aynı yasanın kendi sarayında da çiğnendiğini görür.",panel_55.jpg,MEVCUT GÖRSEL KULLANILABİLİR,"Görsel, cümledeki Troya/Truva bağlamını, tahta at veya hile temasını doğrudan destekliyor; anlatılan kişi/olayla çelişen bir unsur taşımıyor.",zoom_in,crossfade
374,İTHAKA’DA ONU BEKLEYEN SAVAŞ,2177.54,2181.974,36:17.540,36:21.974,4.435,"Taliplerin lideri, filmde Robert Pattinson’ın canlandırdığı Antinous’tur.",panel_57.jpg,MEVCUT GÖRSEL KULLANILABİLİR,"Görsel, cümledeki tahta at veya hile temasını doğrudan destekliyor; anlatılan kişi/olayla çelişen bir unsur taşımıyor.",zoom_out,crossfade
375,İTHAKA’DA ONU BEKLEYEN SAVAŞ,2181.974,2186.409,36:21.974,36:26.409,4.435,Penelope’yle evlenmenin yanında Telemakhos’u öldürmeyi de planlar.,panel_53.jpg,MEVCUT GÖRSEL KULLANILABİLİR,"Görsel, cümledeki Penelope’yi, Telemakhos’u doğrudan destekliyor; anlatılan kişi/olayla çelişen bir unsur taşımıyor.",pan_left,crossfade
376,İTHAKA’DA ONU BEKLEYEN SAVAŞ,2186.409,2192.561,36:26.409,36:32.561,6.152,Bu tehdit Homeros’ta da vardır; film onu daha doğrudan hâle getirir.,BLACK / NEW IMAGE NEEDED,YENİ GÖRSEL GEREKLİ,Kütüphanedeki mevcut görseller arasında bu cümleyi doğrudan ve yanlış çağrışım yaratmadan anlatan yeterince uygun bir görsel bulunmadığı için yeni görsel gerekli.,pan_right,crossfade
377,İTHAKA’DA ONU BEKLEYEN SAVAŞ,2192.561,2196.995,36:32.561,36:36.995,4.435,Penelope ise en az Odysseus kadar zekidir.,panel_57.jpg,MEVCUT GÖRSEL KULLANILABİLİR,"Görsel, cümledeki Odysseus’u, Penelope’yi doğrudan destekliyor; anlatılan kişi/olayla çelişen bir unsur taşımıyor.",zoom_in,crossfade
378,İTHAKA’DA ONU BEKLEYEN SAVAŞ,2196.995,2203.577,36:36.995,36:43.577,6.581,"Yeni eşini, Odysseus’un yaşlı babası için hazırladığı cenaze örtüsü bitince seçeceğini söyler.",panel_57.jpg,MEVCUT GÖRSEL KULLANILABİLİR,"Görsel, cümledeki Odysseus’u doğrudan destekliyor; anlatılan kişi/olayla çelişen bir unsur taşımıyor.",zoom_out,crossfade
379,İTHAKA’DA ONU BEKLEYEN SAVAŞ,2203.577,2210.158,36:43.577,36:50.158,6.581,Gündüz dokuduğu bölümleri gece gizlice söker ve bu hileyi üç yıl sürdürür.,panel_57.jpg,MEVCUT GÖRSEL KULLANILABİLİR,"Görsel, cümledeki ölüler dünyası ve kayıp temasını doğrudan destekliyor; anlatılan kişi/olayla çelişen bir unsur taşımıyor.",pan_left,crossfade
380,İTHAKA’DA ONU BEKLEYEN SAVAŞ,2210.158,2214.593,36:50.158,36:54.593,4.435,Sonunda saraydaki kadınlardan biri sırrını taliplere açıklar.,panel_57.jpg,MEVCUT GÖRSEL KULLANILABİLİR,"Görsel, “İTHAKA’DA ONU BEKLEYEN SAVAŞ” bölümünün mekânını, karakterini veya duygusal tonunu destekliyor ve cümlenin anlamıyla çelişmiyor.",pan_right,crossfade
381,İTHAKA’DA ONU BEKLEYEN SAVAŞ,2214.593,2220.315,36:54.593,37:00.315,5.723,"Penelope’nin dokuma hilesi, Odysseus’un savaş planlarının ev içindeki karşılığı gibidir.",panel_57.jpg,MEVCUT GÖRSEL KULLANILABİLİR,"Görsel, cümledeki Odysseus’u, Penelope’yi doğrudan destekliyor; anlatılan kişi/olayla çelişen bir unsur taşımıyor.",zoom_in,crossfade
382,İTHAKA’DA ONU BEKLEYEN SAVAŞ,2220.315,2228.185,37:00.315,37:08.185,7.869,"İkisi de daha güçlü rakipleri doğrudan yenemediğinde zaman kazanmak için zekâya, role ve aldatmaya başvurur.",BLACK / NEW IMAGE NEEDED,YENİ GÖRSEL GEREKLİ,Kütüphanedeki mevcut görseller arasında bu cümleyi doğrudan ve yanlış çağrışım yaratmadan anlatan yeterince uygun bir görsel bulunmadığı için yeni görsel gerekli.,zoom_out,crossfade
383,İTHAKA’DA ONU BEKLEYEN SAVAŞ,2228.185,2234.337,37:08.185,37:14.337,6.152,Odysseus böylece kendisi kadar sabırlı ve kurnaz bir eşe geri dönmektedir.,BLACK / NEW IMAGE NEEDED,YENİ GÖRSEL GEREKLİ,Kütüphanedeki mevcut görseller arasında bu cümleyi doğrudan ve yanlış çağrışım yaratmadan anlatan yeterince uygun bir görsel bulunmadığı için yeni görsel gerekli.,pan_left,crossfade
384,İTHAKA’DA ONU BEKLEYEN SAVAŞ,2234.337,2240.489,37:14.337,37:20.489,6.152,Fakat saraya kral olarak girerse sayıca üstün talipler onu hemen öldürebilir.,panel_57.jpg,MEVCUT GÖRSEL KULLANILABİLİR,"Görsel, cümledeki tahta at veya hile temasını doğrudan destekliyor; anlatılan kişi/olayla çelişen bir unsur taşımıyor.",pan_right,crossfade
385,İTHAKA’DA ONU BEKLEYEN SAVAŞ,2240.489,2253.081,37:20.489,37:33.081,12.592,"Bu yüzden Troya’da kullandığı yöntemin başka bir biçimine başvurur: Truva Atı’nın içinde düşman şehrine girdiği gibi, şimdi de bir dilenci görünümünün içine saklanarak kendi evine girecektir.",panel_51.jpg,MEVCUT GÖRSEL KULLANILABİLİR,"Görsel, cümledeki Troya/Truva bağlamını, tahta at veya hile temasını doğrudan destekliyor; anlatılan kişi/olayla çelişen bir unsur taşımıyor.",zoom_in,crossfade
386,"DİLENCİ, KÖPEK VE YAY",2253.081,2256.227,37:33.081,37:36.227,3.147,Odysseus kimliğini hemen açıklamaz.,BLACK / NEW IMAGE NEEDED,YENİ GÖRSEL GEREKLİ,Kütüphanedeki mevcut görseller arasında bu cümleyi doğrudan ve yanlış çağrışım yaratmadan anlatan yeterince uygun bir görsel bulunmadığı için yeni görsel gerekli.,zoom_out,crossfade
387,"DİLENCİ, KÖPEK VE YAY",2256.227,2263.238,37:36.227,37:43.238,7.011,Athena onu yaşlı bir dilenciye dönüştürür; böylece adada kimin hâlâ sadık olduğunu görebilir.,panel_51.jpg,MEVCUT GÖRSEL KULLANILABİLİR,"Görsel, cümledeki tahta at veya hile temasını, Athena’yı doğrudan destekliyor; anlatılan kişi/olayla çelişen bir unsur taşımıyor.",pan_left,crossfade
388,"DİLENCİ, KÖPEK VE YAY",2263.238,2268.102,37:43.238,37:48.102,4.864,Homeros’ta önce sadık domuz çobanı Eumaios’un yanına gider.,panel_52.jpg,MEVCUT GÖRSEL KULLANILABİLİR,"Görsel, “DİLENCİ, KÖPEK VE YAY” bölümünün mekânını, karakterini veya duygusal tonunu destekliyor ve cümlenin anlamıyla çelişmiyor.",pan_right,crossfade
389,"DİLENCİ, KÖPEK VE YAY",2268.102,2275.113,37:48.102,37:55.113,7.011,Oğlu Telemakhos’la burada buluşup kimliğini açıklar ve talipleri yenmek için onunla plan kurar.,panel_54.jpg,MEVCUT GÖRSEL KULLANILABİLİR,"Görsel, cümledeki Telemakhos’u doğrudan destekliyor; anlatılan kişi/olayla çelişen bir unsur taşımıyor.",zoom_in,crossfade
390,"DİLENCİ, KÖPEK VE YAY",2275.113,2285.558,37:55.113,38:05.558,10.446,"Nolan bu sessiz buluşmayı bir aksiyon sahnesine çevirir: Odysseus, Telemakhos’u saldırganlardan kurtarır; genç adam yanında savaşan dilencinin babası olduğunu başlangıçta bilmez.",panel_54.jpg,MEVCUT GÖRSEL KULLANILABİLİR,"Görsel, cümledeki Odysseus’u, Telemakhos’u doğrudan destekliyor; anlatılan kişi/olayla çelişen bir unsur taşımıyor.",zoom_out,crossfade
391,"DİLENCİ, KÖPEK VE YAY",2285.558,2290.422,38:05.558,38:10.422,4.864,Odysseus daha sonra dilenci kılığında kendi sarayına girer.,panel_51.jpg,MEVCUT GÖRSEL KULLANILABİLİR,"Görsel, cümledeki Odysseus’u doğrudan destekliyor; anlatılan kişi/olayla çelişen bir unsur taşımıyor.",pan_left,crossfade
392,"DİLENCİ, KÖPEK VE YAY",2290.422,2294.427,38:10.422,38:14.427,4.005,Onu ilk tanıyanlardan biri insan değildir.,BLACK / NEW IMAGE NEEDED,YENİ GÖRSEL GEREKLİ,Kütüphanedeki mevcut görseller arasında bu cümleyi doğrudan ve yanlış çağrışım yaratmadan anlatan yeterince uygun bir görsel bulunmadığı için yeni görsel gerekli.,pan_right,crossfade
393,"DİLENCİ, KÖPEK VE YAY",2294.427,2301.438,38:14.427,38:21.438,7.011,"Odysseus’un savaşa gitmeden önce yetiştirdiği köpeği Argos, yirmi yıl sonra sahibini fark eder.",BLACK / NEW IMAGE NEEDED,YENİ GÖRSEL GEREKLİ,Kütüphanedeki mevcut görseller arasında bu cümleyi doğrudan ve yanlış çağrışım yaratmadan anlatan yeterince uygun bir görsel bulunmadığı için yeni görsel gerekli.,zoom_in,crossfade
394,"DİLENCİ, KÖPEK VE YAY",2301.438,2305.443,38:21.438,38:25.443,4.005,Argos artık çok yaşlı ve güçsüzdür.,BLACK / NEW IMAGE NEEDED,YENİ GÖRSEL GEREKLİ,Kütüphanedeki mevcut görseller arasında bu cümleyi doğrudan ve yanlış çağrışım yaratmadan anlatan yeterince uygun bir görsel bulunmadığı için yeni görsel gerekli.,zoom_out,crossfade
395,"DİLENCİ, KÖPEK VE YAY",2305.443,2309.448,38:25.443,38:29.448,4.005,Odysseus’u görünce kulaklarını indirip kuyruğunu sallar.,BLACK / NEW IMAGE NEEDED,YENİ GÖRSEL GEREKLİ,Kütüphanedeki mevcut görseller arasında bu cümleyi doğrudan ve yanlış çağrışım yaratmadan anlatan yeterince uygun bir görsel bulunmadığı için yeni görsel gerekli.,pan_left,crossfade
396,"DİLENCİ, KÖPEK VE YAY",2309.448,2314.742,38:29.448,38:34.742,5.293,Odysseus kimliğini belli etmemek için ona yaklaşamaz; gözyaşlarını gizler.,BLACK / NEW IMAGE NEEDED,YENİ GÖRSEL GEREKLİ,Kütüphanedeki mevcut görseller arasında bu cümleyi doğrudan ve yanlış çağrışım yaratmadan anlatan yeterince uygun bir görsel bulunmadığı için yeni görsel gerekli.,pan_right,crossfade
397,"DİLENCİ, KÖPEK VE YAY",2314.742,2319.606,38:34.742,38:39.606,4.864,Argos ise sahibinin döndüğünü gördükten hemen sonra ölür.,BLACK / NEW IMAGE NEEDED,YENİ GÖRSEL GEREKLİ,Kütüphanedeki mevcut görseller arasında bu cümleyi doğrudan ve yanlış çağrışım yaratmadan anlatan yeterince uygun bir görsel bulunmadığı için yeni görsel gerekli.,zoom_in,crossfade
398,"DİLENCİ, KÖPEK VE YAY",2319.606,2325.328,38:39.606,38:45.328,5.723,"Bu küçücük sahne, bütün canavarlardan ve savaşlardan daha etkili olabilir.",panel_59.jpg,MEVCUT GÖRSEL KULLANILABİLİR,"Görsel, cümledeki savaş atmosferini doğrudan destekliyor; anlatılan kişi/olayla çelişen bir unsur taşımıyor.",zoom_out,crossfade
399,"DİLENCİ, KÖPEK VE YAY",2325.328,2329.333,38:45.328,38:49.333,4.005,"Argos, Odysseus’un unvanlarını ve hatalarını bilmez.",BLACK / NEW IMAGE NEEDED,YENİ GÖRSEL GEREKLİ,Kütüphanedeki mevcut görseller arasında bu cümleyi doğrudan ve yanlış çağrışım yaratmadan anlatan yeterince uygun bir görsel bulunmadığı için yeni görsel gerekli.,pan_left,crossfade
400,"DİLENCİ, KÖPEK VE YAY",2329.333,2334.627,38:49.333,38:54.627,5.293,Yalnızca sahibini tanır ve bunun için hiçbir kanıt istemez.,BLACK / NEW IMAGE NEEDED,YENİ GÖRSEL GEREKLİ,Kütüphanedeki mevcut görseller arasında bu cümleyi doğrudan ve yanlış çağrışım yaratmadan anlatan yeterince uygun bir görsel bulunmadığı için yeni görsel gerekli.,pan_right,crossfade
401,"DİLENCİ, KÖPEK VE YAY",2334.627,2343.355,38:54.627,39:03.355,8.728,Penelope’nin ise karşısındaki yabancının kim olduğunu anlayabilmek için hem dikkatli olması hem de kendi planını kurması gerekir.,panel_57.jpg,MEVCUT GÖRSEL KULLANILABİLİR,"Görsel, cümledeki tahta at veya hile temasını, Penelope’yi doğrudan destekliyor; anlatılan kişi/olayla çelişen bir unsur taşımıyor.",zoom_in,crossfade
402,"DİLENCİ, KÖPEK VE YAY",2343.355,2347.789,39:03.355,39:07.789,4.435,Bu planın ilk adımı Odysseus’un eski yayıdır.,BLACK / NEW IMAGE NEEDED,YENİ GÖRSEL GEREKLİ,Kütüphanedeki mevcut görseller arasında bu cümleyi doğrudan ve yanlış çağrışım yaratmadan anlatan yeterince uygun bir görsel bulunmadığı için yeni görsel gerekli.,zoom_out,crossfade
403,"DİLENCİ, KÖPEK VE YAY",2347.789,2357.806,39:07.789,39:17.806,10.016,Penelope talipler arasında bir yarışma düzenler: Odysseus’un büyük yayını gerebilen ve oku on iki baltanın sap deliklerinden geçirebilen kişiyle evlenecektir.,panel_57.jpg,MEVCUT GÖRSEL KULLANILABİLİR,"Görsel, cümledeki Odysseus’u, Penelope’yi doğrudan destekliyor; anlatılan kişi/olayla çelişen bir unsur taşımıyor.",pan_left,crossfade
404,"DİLENCİ, KÖPEK VE YAY",2357.806,2360.952,39:17.806,39:20.952,3.147,Taliplerin hiçbiri yayı geremez.,panel_57.jpg,MEVCUT GÖRSEL KULLANILABİLİR,"Görsel, cümledeki yay yarışmasını doğrudan destekliyor; anlatılan kişi/olayla çelişen bir unsur taşımıyor.",pan_right,crossfade
405,"DİLENCİ, KÖPEK VE YAY",2360.952,2368.392,39:20.952,39:28.392,7.44,"Herkesin dilenci sandığı Odysseus ise yayı kolayca gerer, oku hedeften geçirir ve kimliğini açıklar.",panel_51.jpg,MEVCUT GÖRSEL KULLANILABİLİR,"Görsel, cümledeki Odysseus’u, yay yarışmasını doğrudan destekliyor; anlatılan kişi/olayla çelişen bir unsur taşımıyor.",zoom_in,crossfade
406,"DİLENCİ, KÖPEK VE YAY",2368.392,2374.973,39:28.392,39:34.973,6.581,"Homeros’ta Odysseus, Telemakhos ve kendisine sadık iki hizmetkârla birlikte taliplerin tamamını öldürür.",panel_54.jpg,MEVCUT GÖRSEL KULLANILABİLİR,"Görsel, cümledeki Odysseus’u, Telemakhos’u doğrudan destekliyor; anlatılan kişi/olayla çelişen bir unsur taşımıyor.",zoom_out,crossfade
407,"DİLENCİ, KÖPEK VE YAY",2374.973,2381.984,39:34.973,39:41.984,7.011,"Nolan filminde Odysseus, Telemakhos’un ellerini kana bulamamak için savaşın büyük bölümünü kendisi üstlenir.",panel_54.jpg,MEVCUT GÖRSEL KULLANILABİLİR,"Görsel, cümledeki Odysseus’u, Telemakhos’u doğrudan destekliyor; anlatılan kişi/olayla çelişen bir unsur taşımıyor.",pan_left,crossfade
408,"DİLENCİ, KÖPEK VE YAY",2381.984,2385.131,39:41.984,39:45.131,3.147,Homeros’taki şiddet taliplerle bitmez.,panel_59.jpg,MEVCUT GÖRSEL KULLANILABİLİR,"Görsel, “DİLENCİ, KÖPEK VE YAY” bölümünün mekânını, karakterini veya duygusal tonunu destekliyor ve cümlenin anlamıyla çelişmiyor.",pan_right,crossfade
409,"DİLENCİ, KÖPEK VE YAY",2385.131,2391.712,39:45.131,39:51.712,6.581,"Sarayda köleleştirilmiş on iki kadın, taliplerle ilişkileri olduğu gerekçesiyle Telemakhos tarafından asılır.",panel_54.jpg,MEVCUT GÖRSEL KULLANILABİLİR,"Görsel, cümledeki Telemakhos’u doğrudan destekliyor; anlatılan kişi/olayla çelişen bir unsur taşımıyor.",zoom_in,crossfade
410,"DİLENCİ, KÖPEK VE YAY",2391.712,2401.299,39:51.712,40:01.299,9.587,Bu kadınların ne kadar seçim hakkına sahip olduğu modern okurlar için ciddi bir sorudur; Nolan bu infazı filmden çıkarır.,panel_59.jpg,MEVCUT GÖRSEL KULLANILABİLİR,"Görsel, “DİLENCİ, KÖPEK VE YAY” bölümünün mekânını, karakterini veya duygusal tonunu destekliyor ve cümlenin anlamıyla çelişmiyor.",zoom_out,crossfade
411,"DİLENCİ, KÖPEK VE YAY",2401.299,2405.304,40:01.299,40:05.304,4.005,Odysseus yayı sayesinde sarayını geri almıştır.,BLACK / NEW IMAGE NEEDED,YENİ GÖRSEL GEREKLİ,Kütüphanedeki mevcut görseller arasında bu cümleyi doğrudan ve yanlış çağrışım yaratmadan anlatan yeterince uygun bir görsel bulunmadığı için yeni görsel gerekli.,pan_left,crossfade
412,"DİLENCİ, KÖPEK VE YAY",2405.304,2413.603,40:05.304,40:13.603,8.299,"Fakat bir evi silahla geri almakla, yirmi yıldır bekleyen eşinin güvenini yeniden kazanmak aynı şey değildir.",panel_60.jpg,MEVCUT GÖRSEL KULLANILABİLİR,"Görsel, cümledeki tahta at veya hile temasını doğrudan destekliyor; anlatılan kişi/olayla çelişen bir unsur taşımıyor.",pan_right,crossfade
413,"DİLENCİ, KÖPEK VE YAY",2413.603,2418.037,40:13.603,40:18.037,4.435,Talipleri yenmek için gücü ve kurnazlığı yeterliydi.,panel_59.jpg,MEVCUT GÖRSEL KULLANILABİLİR,"Görsel, “DİLENCİ, KÖPEK VE YAY” bölümünün mekânını, karakterini veya duygusal tonunu destekliyor ve cümlenin anlamıyla çelişmiyor.",zoom_in,crossfade
414,"DİLENCİ, KÖPEK VE YAY",2418.037,2425.048,40:18.037,40:25.048,7.011,Penelope’yi ikna etmek içinse yalnızca gerçek Odysseus’un bilebileceği ortak bir anıya ihtiyacı vardır.,panel_57.jpg,MEVCUT GÖRSEL KULLANILABİLİR,"Görsel, cümledeki Odysseus’u, Penelope’yi doğrudan destekliyor; anlatılan kişi/olayla çelişen bir unsur taşımıyor.",zoom_out,crossfade
415,"DİLENCİ, KÖPEK VE YAY",2425.048,2428.624,40:25.048,40:28.624,3.576,Odysseus sonunda Penelope’nin karşısına çıkar.,panel_57.jpg,MEVCUT GÖRSEL KULLANILABİLİR,"Görsel, cümledeki Odysseus’u, Penelope’yi doğrudan destekliyor; anlatılan kişi/olayla çelişen bir unsur taşımıyor.",pan_left,crossfade
416,"DİLENCİ, KÖPEK VE YAY",2428.624,2436.064,40:28.624,40:36.064,7.44,"Fakat Penelope, yalanları ve kılık değiştirmesiyle ünlü bu adamın gerçekten kocası olduğuna hemen inanmaz.",panel_51.jpg,MEVCUT GÖRSEL KULLANILABİLİR,"Görsel, cümledeki tahta at veya hile temasını, Penelope’yi doğrudan destekliyor; anlatılan kişi/olayla çelişen bir unsur taşımıyor.",pan_right,crossfade
417,"DİLENCİ, KÖPEK VE YAY",2436.064,2441.787,40:36.064,40:41.787,5.723,Penelope onu sınamak için hizmetçilere evlilik yataklarını odadan çıkarmalarını söyler.,panel_57.jpg,MEVCUT GÖRSEL KULLANILABİLİR,"Görsel, cümledeki tahta at veya hile temasını, Penelope’yi doğrudan destekliyor; anlatılan kişi/olayla çelişen bir unsur taşımıyor.",zoom_in,crossfade
418,"DİLENCİ, KÖPEK VE YAY",2441.787,2445.362,40:41.787,40:45.362,3.576,Odysseus buna öfkeyle itiraz eder.,BLACK / NEW IMAGE NEEDED,YENİ GÖRSEL GEREKLİ,Kütüphanedeki mevcut görseller arasında bu cümleyi doğrudan ve yanlış çağrışım yaratmadan anlatan yeterince uygun bir görsel bulunmadığı için yeni görsel gerekli.,zoom_out,crossfade
419,"DİLENCİ, KÖPEK VE YAY",2445.362,2454.09,40:45.362,40:54.090,8.728,"Çünkü yatağı yıllar önce kendi elleriyle, kökleri hâlâ toprağın içinde bulunan canlı bir zeytin ağacının gövdesinden yapmıştır.",panel_60.jpg,MEVCUT GÖRSEL KULLANILABİLİR,"Görsel, cümledeki tahta at veya hile temasını doğrudan destekliyor; anlatılan kişi/olayla çelişen bir unsur taşımıyor.",pan_left,crossfade
420,"DİLENCİ, KÖPEK VE YAY",2454.09,2458.954,40:54.090,40:58.954,4.864,Odayı da bu sabit yatağın çevresine inşa etmiştir.,BLACK / NEW IMAGE NEEDED,YENİ GÖRSEL GEREKLİ,Kütüphanedeki mevcut görseller arasında bu cümleyi doğrudan ve yanlış çağrışım yaratmadan anlatan yeterince uygun bir görsel bulunmadığı için yeni görsel gerekli.,pan_right,crossfade
421,"DİLENCİ, KÖPEK VE YAY",2458.954,2463.389,40:58.954,41:03.389,4.435,Yatağı yerinden çıkarmak ancak ağacı keserek mümkündür.,BLACK / NEW IMAGE NEEDED,YENİ GÖRSEL GEREKLİ,Kütüphanedeki mevcut görseller arasında bu cümleyi doğrudan ve yanlış çağrışım yaratmadan anlatan yeterince uygun bir görsel bulunmadığı için yeni görsel gerekli.,zoom_in,crossfade
422,"DİLENCİ, KÖPEK VE YAY",2463.389,2467.824,41:03.389,41:07.824,4.435,Bu sırrı yalnızca Odysseus ve Penelope bilir.,panel_57.jpg,MEVCUT GÖRSEL KULLANILABİLİR,"Görsel, cümledeki Odysseus’u, Penelope’yi doğrudan destekliyor; anlatılan kişi/olayla çelişen bir unsur taşımıyor.",zoom_out,crossfade
423,"DİLENCİ, KÖPEK VE YAY",2467.824,2472.687,41:07.824,41:12.687,4.864,Penelope karşısındaki adamın gerçekten kocası olduğunu böylece anlar.,panel_57.jpg,MEVCUT GÖRSEL KULLANILABİLİR,"Görsel, cümledeki Penelope’yi doğrudan destekliyor; anlatılan kişi/olayla çelişen bir unsur taşımıyor.",pan_left,crossfade
424,"DİLENCİ, KÖPEK VE YAY",2472.687,2480.127,41:12.687,41:20.127,7.44,"Yirmi yıl sonra Odysseus yalnızca ülkesine değil, eşine ve kendi kimliğine de geri dönmüştür.",BLACK / NEW IMAGE NEEDED,YENİ GÖRSEL GEREKLİ,Kütüphanedeki mevcut görseller arasında bu cümleyi doğrudan ve yanlış çağrışım yaratmadan anlatan yeterince uygun bir görsel bulunmadığı için yeni görsel gerekli.,pan_right,crossfade
425,"DİLENCİ, KÖPEK VE YAY",2480.127,2484.562,41:20.127,41:24.562,4.435,"Bu, Odysseia’nın en meşhur tanıma sahnelerinden biridir.",BLACK / NEW IMAGE NEEDED,YENİ GÖRSEL GEREKLİ,Kütüphanedeki mevcut görseller arasında bu cümleyi doğrudan ve yanlış çağrışım yaratmadan anlatan yeterince uygun bir görsel bulunmadığı için yeni görsel gerekli.,zoom_in,crossfade
426,"DİLENCİ, KÖPEK VE YAY",2484.562,2488.567,41:24.562,41:28.567,4.005,Fakat Nolan bunu da filmine almaz.,BLACK / NEW IMAGE NEEDED,YENİ GÖRSEL GEREKLİ,Kütüphanedeki mevcut görseller arasında bu cümleyi doğrudan ve yanlış çağrışım yaratmadan anlatan yeterince uygun bir görsel bulunmadığı için yeni görsel gerekli.,zoom_out,crossfade
427,"DİLENCİ, KÖPEK VE YAY",2488.567,2492.572,41:28.567,41:32.572,4.005,Yatak sırrı Odysseus’un kim olduğunu kanıtlar.,panel_60.jpg,MEVCUT GÖRSEL KULLANILABİLİR,"Görsel, cümledeki tahta at veya hile temasını, Odysseus’u doğrudan destekliyor; anlatılan kişi/olayla çelişen bir unsur taşımıyor.",pan_left,crossfade
428,"DİLENCİ, KÖPEK VE YAY",2492.572,2497.436,41:32.572,41:37.436,4.864,"Ancak sarayın içindeki katliam, dışarıdaki dünyayı kendiliğinden sakinleştirmez.",panel_59.jpg,MEVCUT GÖRSEL KULLANILABİLİR,"Görsel, cümledeki tahta at veya hile temasını, yay yarışmasını doğrudan destekliyor; anlatılan kişi/olayla çelişen bir unsur taşımıyor.",pan_right,crossfade
429,"DİLENCİ, KÖPEK VE YAY",2497.436,2507.453,41:37.436,41:47.453,10.016,Şimdi hem Homeros hem de Nolan aynı soruyla karşı karşıyadır: Odysseus evine döndükten sonra bu şiddet döngüsü nasıl sona erecek?,BLACK / NEW IMAGE NEEDED,YENİ GÖRSEL GEREKLİ,Kütüphanedeki mevcut görseller arasında bu cümleyi doğrudan ve yanlış çağrışım yaratmadan anlatan yeterince uygun bir görsel bulunmadığı için yeni görsel gerekli.,zoom_in,crossfade
430,HOMEROS’UN SONU VE NOLAN’IN YENİ SONU,2507.453,2511.887,41:47.453,41:51.887,4.435,Homeros’un destanı yatak sırrıyla tamamen sona ermez.,panel_60.jpg,MEVCUT GÖRSEL KULLANILABİLİR,"Görsel, cümledeki tahta at veya hile temasını doğrudan destekliyor; anlatılan kişi/olayla çelişen bir unsur taşımıyor.",zoom_out,crossfade
431,HOMEROS’UN SONU VE NOLAN’IN YENİ SONU,2511.887,2516.322,41:51.887,41:56.322,4.435,Odysseus daha sonra yaşlı babası Laertes’le buluşur.,panel_56.jpg,MEVCUT GÖRSEL KULLANILABİLİR,"Görsel, cümledeki Odysseus’u doğrudan destekliyor; anlatılan kişi/olayla çelişen bir unsur taşımıyor.",pan_left,crossfade
432,HOMEROS’UN SONU VE NOLAN’IN YENİ SONU,2516.322,2520.756,41:56.322,42:00.756,4.435,Öldürülen taliplerin aileleri intikam almak için silahlanır.,BLACK / NEW IMAGE NEEDED,YENİ GÖRSEL GEREKLİ,Kütüphanedeki mevcut görseller arasında bu cümleyi doğrudan ve yanlış çağrışım yaratmadan anlatan yeterince uygun bir görsel bulunmadığı için yeni görsel gerekli.,pan_right,crossfade
433,HOMEROS’UN SONU VE NOLAN’IN YENİ SONU,2520.756,2528.626,42:00.756,42:08.626,7.869,Yeni bir çatışma başlamak üzereyken Athena müdahale eder ve iki taraf arasında barış kurulmasını sağlar.,panel_56.jpg,MEVCUT GÖRSEL KULLANILABİLİR,"Görsel, cümledeki tahta at veya hile temasını, Athena’yı doğrudan destekliyor; anlatılan kişi/olayla çelişen bir unsur taşımıyor.",zoom_in,crossfade
434,HOMEROS’UN SONU VE NOLAN’IN YENİ SONU,2528.626,2536.495,42:08.626,42:16.495,7.869,"Yani Homeros’un sonu, Odysseus’un evini ve tahtını geri almasıyla birlikte bozulan düzenin yeniden kurulmasına dayanır.",panel_56.jpg,MEVCUT GÖRSEL KULLANILABİLİR,"Görsel, cümledeki Odysseus’u doğrudan destekliyor; anlatılan kişi/olayla çelişen bir unsur taşımıyor.",zoom_out,crossfade
435,HOMEROS’UN SONU VE NOLAN’IN YENİ SONU,2536.495,2539.642,42:16.495,42:19.642,3.147,Nolan ise sonu değiştirir.,BLACK / NEW IMAGE NEEDED,YENİ GÖRSEL GEREKLİ,Kütüphanedeki mevcut görseller arasında bu cümleyi doğrudan ve yanlış çağrışım yaratmadan anlatan yeterince uygun bir görsel bulunmadığı için yeni görsel gerekli.,pan_left,crossfade
436,HOMEROS’UN SONU VE NOLAN’IN YENİ SONU,2539.642,2543.647,42:19.642,42:23.647,4.005,Filmde Odysseus İthaka tahtını Telemakhos’a bırakır.,panel_53.jpg,MEVCUT GÖRSEL KULLANILABİLİR,"Görsel, cümledeki Odysseus’u, Telemakhos’u doğrudan destekliyor; anlatılan kişi/olayla çelişen bir unsur taşımıyor.",pan_right,crossfade
437,HOMEROS’UN SONU VE NOLAN’IN YENİ SONU,2543.647,2547.652,42:23.647,42:27.652,4.005,Kendisi de Penelope’yle birlikte adadan ayrılır.,panel_60.jpg,MEVCUT GÖRSEL KULLANILABİLİR,"Görsel, cümledeki Penelope’yi doğrudan destekliyor; anlatılan kişi/olayla çelişen bir unsur taşımıyor.",zoom_in,crossfade
438,HOMEROS’UN SONU VE NOLAN’IN YENİ SONU,2547.652,2553.804,42:27.652,42:33.804,6.152,Ama bu kez amacı yeni ülkeler fethetmek veya ün kazanmak değildir.,BLACK / NEW IMAGE NEEDED,YENİ GÖRSEL GEREKLİ,Kütüphanedeki mevcut görseller arasında bu cümleyi doğrudan ve yanlış çağrışım yaratmadan anlatan yeterince uygun bir görsel bulunmadığı için yeni görsel gerekli.,zoom_out,crossfade
439,HOMEROS’UN SONU VE NOLAN’IN YENİ SONU,2553.804,2560.815,42:33.804,42:40.815,7.011,Savaşta ölen ve gömülemeyen arkadaşlarını anmak için batıya doğru yeni bir yolculuğa çıkar.,panel_49.jpg,MEVCUT GÖRSEL KULLANILABİLİR,"Görsel, cümledeki tahta at veya hile temasını, savaş atmosferini doğrudan destekliyor; anlatılan kişi/olayla çelişen bir unsur taşımıyor.",pan_left,crossfade
440,HOMEROS’UN SONU VE NOLAN’IN YENİ SONU,2560.815,2565.249,42:40.815,42:45.249,4.435,"Bu son, eve dönüş fikrini tamamen değiştirir.",panel_50.jpg,MEVCUT GÖRSEL KULLANILABİLİR,"Görsel, “HOMEROS’UN SONU VE NOLAN’IN YENİ SONU” bölümünün mekânını, karakterini veya duygusal tonunu destekliyor ve cümlenin anlamıyla çelişmiyor.",pan_right,crossfade
441,HOMEROS’UN SONU VE NOLAN’IN YENİ SONU,2565.249,2570.542,42:45.249,42:50.542,5.293,Homeros’ta eve dönmek eski hayatı yeniden kurmak anlamına gelir.,panel_50.jpg,MEVCUT GÖRSEL KULLANILABİLİR,"Görsel, cümledeki tahta at veya hile temasını doğrudan destekliyor; anlatılan kişi/olayla çelişen bir unsur taşımıyor.",zoom_in,crossfade
442,HOMEROS’UN SONU VE NOLAN’IN YENİ SONU,2570.542,2576.694,42:50.542,42:56.694,6.152,Nolan’da ise Odysseus aynı adam olarak eski hayatına dönemeyeceğini kabul eder.,Dramatischer Seefahrer im Sonnenuntergang.png,MEVCUT GÖRSEL KULLANILABİLİR,"Görsel, cümledeki tahta at veya hile temasını, Odysseus’u doğrudan destekliyor; anlatılan kişi/olayla çelişen bir unsur taşımıyor.",zoom_out,crossfade
443,HOMEROS’UN SONU VE NOLAN’IN YENİ SONU,2576.694,2580.27,42:56.694,43:00.270,3.576,Penelope de onunla birlikte gider.,panel_60.jpg,MEVCUT GÖRSEL KULLANILABİLİR,"Görsel, cümledeki Penelope’yi doğrudan destekliyor; anlatılan kişi/olayla çelişen bir unsur taşımıyor.",pan_left,crossfade
444,HOMEROS’UN SONU VE NOLAN’IN YENİ SONU,2580.27,2586.422,43:00.270,43:06.422,6.152,"Eve dönüş, bir yere ulaşmaktan çok, geçmişle birlikte yaşamayı öğrenmeye dönüşür.",panel_50.jpg,MEVCUT GÖRSEL KULLANILABİLİR,"Görsel, “HOMEROS’UN SONU VE NOLAN’IN YENİ SONU” bölümünün mekânını, karakterini veya duygusal tonunu destekliyor ve cümlenin anlamıyla çelişmiyor.",pan_right,crossfade
445,HOMEROS’UN SONU VE NOLAN’IN YENİ SONU,2586.422,2590.857,43:06.422,43:10.857,4.435,Hikâyenin başında aynı Odysseus’un savaşı bitirmesini izlemiştik.,Dramatischer Seefahrer im Sonnenuntergang.png,MEVCUT GÖRSEL KULLANILABİLİR,"Görsel, cümledeki Odysseus’u, savaş atmosferini doğrudan destekliyor; anlatılan kişi/olayla çelişen bir unsur taşımıyor.",zoom_in,crossfade
446,HOMEROS’UN SONU VE NOLAN’IN YENİ SONU,2590.857,2600.014,43:10.857,43:20.014,9.157,Şimdi ise iki farklı anlatı bize iki farklı eve dönüş gösteriyor: Homeros’un Odysseus’u düzeni yeniden kurup ülkesinde kalıyor.,panel_56.jpg,MEVCUT GÖRSEL KULLANILABİLİR,"Görsel, cümledeki tahta at veya hile temasını, Odysseus’u doğrudan destekliyor; anlatılan kişi/olayla çelişen bir unsur taşımıyor.",zoom_out,crossfade
447,HOMEROS’UN SONU VE NOLAN’IN YENİ SONU,2600.014,2606.596,43:20.014,43:26.596,6.581,"Nolan’ın Odysseus’u, eski düzenin artık geri getirilemeyeceğini kabul ederek yeniden yola çıkıyor.",panel_56.jpg,MEVCUT GÖRSEL KULLANILABİLİR,"Görsel, cümledeki Odysseus’u doğrudan destekliyor; anlatılan kişi/olayla çelişen bir unsur taşımıyor.",pan_left,crossfade
448,HOMEROS’UN SONU VE NOLAN’IN YENİ SONU,2606.596,2615.753,43:26.596,43:35.753,9.157,Bu farkı gördüğümüzde Nolan’ın yol boyunca yaptığı diğer değişikliklerin de aynı amaca hizmet ettiği daha açık hâle geliyor.,BLACK / NEW IMAGE NEEDED,YENİ GÖRSEL GEREKLİ,Kütüphanedeki mevcut görseller arasında bu cümleyi doğrudan ve yanlış çağrışım yaratmadan anlatan yeterince uygun bir görsel bulunmadığı için yeni görsel gerekli.,pan_right,crossfade
449,HOMEROS’UN SONU VE NOLAN’IN YENİ SONU,2615.753,2627.057,43:35.753,43:47.057,11.304,"Nolan’ın değişikliklerinin ortak bir yönü vardır: Homeros’un kurnaz ve kendi hikâyesini anlatan Odysseus’unu, savaş sonrasında hafıza ve suçlulukla mücadele eden bir askere dönüştürmek.",Dramatischer Seefahrer im Sonnenuntergang.png,MEVCUT GÖRSEL KULLANILABİLİR,"Görsel, cümledeki tahta at veya hile temasını, Odysseus’u doğrudan destekliyor; anlatılan kişi/olayla çelişen bir unsur taşımıyor.",zoom_in,crossfade
450,HOMEROS’UN SONU VE NOLAN’IN YENİ SONU,2627.057,2638.362,43:47.057,43:58.362,11.304,"Bu yüzden tanrılar geri plana çekilir, “Hiç Kimse” gibi bazı ünlü zekâ oyunları çıkarılır, Kirke ve Kalypso ilişkileri değiştirilir; Truva’nın yıkımı ise büyütülür.",BLACK / NEW IMAGE NEEDED,YENİ GÖRSEL GEREKLİ,Kütüphanedeki mevcut görseller arasında bu cümleyi doğrudan ve yanlış çağrışım yaratmadan anlatan yeterince uygun bir görsel bulunmadığı için yeni görsel gerekli.,zoom_out,crossfade
451,HOMEROS’UN SONU VE NOLAN’IN YENİ SONU,2638.362,2642.367,43:58.362,44:02.367,4.005,"Film, yalnızca Odysseia’nın birebir uyarlaması değildir.",BLACK / NEW IMAGE NEEDED,YENİ GÖRSEL GEREKLİ,Kütüphanedeki mevcut görseller arasında bu cümleyi doğrudan ve yanlış çağrışım yaratmadan anlatan yeterince uygun bir görsel bulunmadığı için yeni görsel gerekli.,pan_left,crossfade
452,HOMEROS’UN SONU VE NOLAN’IN YENİ SONU,2642.367,2648.089,44:02.367,44:08.089,5.723,"İlyada, Aeneis ve sonraki mitolojik anlatıları birleştiren modern bir yorumdur.",Old Homer Writing The Iliad.png,MEVCUT GÖRSEL KULLANILABİLİR,"Görsel, cümledeki tahta at veya hile temasını doğrudan destekliyor; anlatılan kişi/olayla çelişen bir unsur taşımıyor.",pan_right,crossfade
453,HOMEROS’UN SONU VE NOLAN’IN YENİ SONU,2648.089,2654.671,44:08.089,44:14.671,6.581,"Homeros, değişmiş olsa bile evine dönüp kimliğini geri alan bir adamı anlatır.",Old Homer Writing The Iliad.png,MEVCUT GÖRSEL KULLANILABİLİR,"Görsel, cümledeki tahta at veya hile temasını doğrudan destekliyor; anlatılan kişi/olayla çelişen bir unsur taşımıyor.",zoom_in,crossfade
454,HOMEROS’UN SONU VE NOLAN’IN YENİ SONU,2654.671,2662.54,44:14.671,44:22.540,7.869,Nolan ise büyük bir yıkıma neden olmuş bir insanın eski hayatına gerçekten dönüp dönemeyeceğini sorar.,BLACK / NEW IMAGE NEEDED,YENİ GÖRSEL GEREKLİ,Kütüphanedeki mevcut görseller arasında bu cümleyi doğrudan ve yanlış çağrışım yaratmadan anlatan yeterince uygun bir görsel bulunmadığı için yeni görsel gerekli.,zoom_out,crossfade
455,"KAHRAMAN MI, DÜZENBAZ MI?",2662.54,2665.687,44:22.540,44:25.687,3.147,Şimdi başlangıçtaki soruya dönebiliriz.,BLACK / NEW IMAGE NEEDED,YENİ GÖRSEL GEREKLİ,Kütüphanedeki mevcut görseller arasında bu cümleyi doğrudan ve yanlış çağrışım yaratmadan anlatan yeterince uygun bir görsel bulunmadığı için yeni görsel gerekli.,pan_left,crossfade
456,"KAHRAMAN MI, DÜZENBAZ MI?",2665.687,2669.262,44:25.687,44:29.262,3.576,Odysseus gerçekten bir kahraman mıydı?,panel_01.jpg,MEVCUT GÖRSEL KULLANILABİLİR,"Görsel, cümledeki Odysseus’u doğrudan destekliyor; anlatılan kişi/olayla çelişen bir unsur taşımıyor.",pan_right,crossfade
457,"KAHRAMAN MI, DÜZENBAZ MI?",2669.262,2673.697,44:29.262,44:33.697,4.435,Zekâsı onu ve arkadaşlarını Polyphemos’un mağarasından kurtardı.,panel_19.jpg,MEVCUT GÖRSEL KULLANILABİLİR,"Görsel, cümledeki Polyphemos/Kiklop olayını, mağara sahnesini doğrudan destekliyor; anlatılan kişi/olayla çelişen bir unsur taşımıyor.",zoom_in,crossfade
458,"KAHRAMAN MI, DÜZENBAZ MI?",2673.697,2677.273,44:33.697,44:37.273,3.576,Ama gururu Poseidon’u düşmanlarına çevirdi.,panel_21.jpg,MEVCUT GÖRSEL KULLANILABİLİR,"Görsel, cümledeki Poseidon ve deniz tehdidini doğrudan destekliyor; anlatılan kişi/olayla çelişen bir unsur taşımıyor.",zoom_out,crossfade
459,"KAHRAMAN MI, DÜZENBAZ MI?",2677.273,2680.419,44:37.273,44:40.419,3.147,Truva Atı savaşı bitirdi.,panel_02.jpg,MEVCUT GÖRSEL KULLANILABİLİR,"Görsel, cümledeki Troya/Truva bağlamını, tahta at veya hile temasını doğrudan destekliyor; anlatılan kişi/olayla çelişen bir unsur taşımıyor.",pan_left,crossfade
460,"KAHRAMAN MI, DÜZENBAZ MI?",2680.419,2684.854,44:40.419,44:44.854,4.435,Ama bir şehrin yok edilmesini mümkün kıldı.,BLACK / NEW IMAGE NEEDED,YENİ GÖRSEL GEREKLİ,Kütüphanedeki mevcut görseller arasında bu cümleyi doğrudan ve yanlış çağrışım yaratmadan anlatan yeterince uygun bir görsel bulunmadığı için yeni görsel gerekli.,pan_right,crossfade
461,"KAHRAMAN MI, DÜZENBAZ MI?",2684.854,2688.0,44:44.854,44:48.000,3.147,Skylla geçidinde çoğunluğu kurtardı.,panel_39.jpg,MEVCUT GÖRSEL KULLANILABİLİR,"Görsel, cümledeki Skylla tehlikesini doğrudan destekliyor; anlatılan kişi/olayla çelişen bir unsur taşımıyor.",zoom_in,crossfade
462,"KAHRAMAN MI, DÜZENBAZ MI?",2688.0,2692.435,44:48.000,44:52.435,4.435,Ama altı insanı gerçeği söylemeden feda etti.,panel_39.jpg,MEVCUT GÖRSEL KULLANILABİLİR,"Görsel, “KAHRAMAN MI, DÜZENBAZ MI?” bölümünün mekânını, karakterini veya duygusal tonunu destekliyor ve cümlenin anlamıyla çelişmiyor.",zoom_out,crossfade
463,"KAHRAMAN MI, DÜZENBAZ MI?",2692.435,2695.582,44:52.435,44:55.582,3.147,İthaka’da evini geri aldı.,panel_59.jpg,MEVCUT GÖRSEL KULLANILABİLİR,"Görsel, cümledeki İthaka ve eve dönüş temasını doğrudan destekliyor; anlatılan kişi/olayla çelişen bir unsur taşımıyor.",pan_left,crossfade
464,"KAHRAMAN MI, DÜZENBAZ MI?",2695.582,2699.587,44:55.582,44:59.587,4.005,Ama bunu yeni bir katliamla yaptı.,panel_59.jpg,MEVCUT GÖRSEL KULLANILABİLİR,"Görsel, cümledeki tahta at veya hile temasını doğrudan destekliyor; anlatılan kişi/olayla çelişen bir unsur taşımıyor.",pan_right,crossfade
465,"KAHRAMAN MI, DÜZENBAZ MI?",2699.587,2704.451,44:59.587,45:04.451,4.864,Yine de bütün felaketlerin sorumlusu yalnızca o değildi.,BLACK / NEW IMAGE NEEDED,YENİ GÖRSEL GEREKLİ,Kütüphanedeki mevcut görseller arasında bu cümleyi doğrudan ve yanlış çağrışım yaratmadan anlatan yeterince uygun bir görsel bulunmadığı için yeni görsel gerekli.,zoom_in,crossfade
466,"KAHRAMAN MI, DÜZENBAZ MI?",2704.451,2710.173,45:04.451,45:10.173,5.723,Adamları emirlerini dinlemedi; rüzgâr torbasını açtı ve Helios’un sığırlarını öldürdü.,panel_26.jpg,MEVCUT GÖRSEL KULLANILABİLİR,"Görsel, cümledeki Helios’un kutsal sığırlarını doğrudan destekliyor; anlatılan kişi/olayla çelişen bir unsur taşımıyor.",zoom_out,crossfade
467,"KAHRAMAN MI, DÜZENBAZ MI?",2710.173,2718.043,45:10.173,45:18.043,7.869,Odysseus hem başkalarının hatalarının sonuçlarını taşıyan hem de kendi kararlarıyla yeni felaketler yaratan bir liderdi.,BLACK / NEW IMAGE NEEDED,YENİ GÖRSEL GEREKLİ,Kütüphanedeki mevcut görseller arasında bu cümleyi doğrudan ve yanlış çağrışım yaratmadan anlatan yeterince uygun bir görsel bulunmadığı için yeni görsel gerekli.,pan_left,crossfade
468,"KAHRAMAN MI, DÜZENBAZ MI?",2718.043,2725.912,45:18.043,45:25.912,7.869,"Christopher Nolan, Odysseus ile daha önce filmini yaptığı Robert Oppenheimer arasında bilinçli bir paralellik kuruyor.",BLACK / NEW IMAGE NEEDED,YENİ GÖRSEL GEREKLİ,Kütüphanedeki mevcut görseller arasında bu cümleyi doğrudan ve yanlış çağrışım yaratmadan anlatan yeterince uygun bir görsel bulunmadığı için yeni görsel gerekli.,pan_right,crossfade
469,"KAHRAMAN MI, DÜZENBAZ MI?",2725.912,2732.064,45:25.912,45:32.064,6.152,"Oppenheimer atom bombasının, Odysseus ise Truva Atı’nın arkasındaki zekâyı temsil ediyor.",panel_02.jpg,MEVCUT GÖRSEL KULLANILABİLİR,"Görsel, cümledeki Troya/Truva bağlamını, tahta at veya hile temasını doğrudan destekliyor; anlatılan kişi/olayla çelişen bir unsur taşımıyor.",zoom_in,crossfade
470,"KAHRAMAN MI, DÜZENBAZ MI?",2732.064,2742.51,45:32.064,45:42.510,10.446,İki adam da bir savaşın yönünü değiştiren araçların yaratılmasına öncülük etti ve ardından bu araçların yol açtığı yıkımla yaşamak zorunda kaldı.,panel_03.jpg,MEVCUT GÖRSEL KULLANILABİLİR,"Görsel, cümledeki tahta at veya hile temasını, savaş atmosferini doğrudan destekliyor; anlatılan kişi/olayla çelişen bir unsur taşımıyor.",zoom_out,crossfade
471,"KAHRAMAN MI, DÜZENBAZ MI?",2742.51,2750.808,45:42.510,45:50.808,8.299,"Nolan’ın kurduğu soru şu: Bir şeyi yapabilecek kadar zeki olmamız, onu yapmamız gerektiği anlamına gelir mi?",BLACK / NEW IMAGE NEEDED,YENİ GÖRSEL GEREKLİ,Kütüphanedeki mevcut görseller arasında bu cümleyi doğrudan ve yanlış çağrışım yaratmadan anlatan yeterince uygun bir görsel bulunmadığı için yeni görsel gerekli.,pan_left,crossfade
472,"KAHRAMAN MI, DÜZENBAZ MI?",2750.808,2754.814,45:50.808,45:54.814,4.005,Zekâ bir sorunu nasıl çözeceğimizi söyleyebilir.,panel_01.jpg,MEVCUT GÖRSEL KULLANILABİLİR,"Görsel, “KAHRAMAN MI, DÜZENBAZ MI?” bölümünün mekânını, karakterini veya duygusal tonunu destekliyor ve cümlenin anlamıyla çelişmiyor.",pan_right,crossfade
473,"KAHRAMAN MI, DÜZENBAZ MI?",2754.814,2760.107,45:54.814,46:00.107,5.293,Fakat o çözümün ahlaki olup olmadığını tek başına söyleyemez.,panel_01.jpg,MEVCUT GÖRSEL KULLANILABİLİR,"Görsel, cümledeki tahta at veya hile temasını doğrudan destekliyor; anlatılan kişi/olayla çelişen bir unsur taşımıyor.",zoom_in,crossfade
474,"KAHRAMAN MI, DÜZENBAZ MI?",2760.107,2766.259,46:00.107,46:06.259,6.152,Belki Odysseus’u hâlâ ilginç yapan şey kusursuz bir kahraman olması değildir.,panel_01.jpg,MEVCUT GÖRSEL KULLANILABİLİR,"Görsel, cümledeki Odysseus’u doğrudan destekliyor; anlatılan kişi/olayla çelişen bir unsur taşımıyor.",zoom_out,crossfade
475,"KAHRAMAN MI, DÜZENBAZ MI?",2766.259,2773.699,46:06.259,46:13.699,7.44,"Tam tersine, aynı özelliğinin hem en büyük gücü hem de en büyük felaketi olmasıdır.",BLACK / NEW IMAGE NEEDED,YENİ GÖRSEL GEREKLİ,Kütüphanedeki mevcut görseller arasında bu cümleyi doğrudan ve yanlış çağrışım yaratmadan anlatan yeterince uygun bir görsel bulunmadığı için yeni görsel gerekli.,pan_left,crossfade
476,"KAHRAMAN MI, DÜZENBAZ MI?",2773.699,2780.71,46:13.699,46:20.710,7.011,"Zekâsı onu kurtarır, ona yalan söyletir, savaşı bitirir ve bir şehri yok eder.",panel_03.jpg,MEVCUT GÖRSEL KULLANILABİLİR,"Görsel, cümledeki savaş atmosferini doğrudan destekliyor; anlatılan kişi/olayla çelişen bir unsur taşımıyor.",pan_right,crossfade
477,"KAHRAMAN MI, DÜZENBAZ MI?",2780.71,2795.019,46:20.710,46:35.019,14.31,"Belki de bu nedenle Antik Yunan ve Roma edebiyatı üzerine çalışan akademisyen ve çevirmen Emily Wilson, 2017 yılında yayımlanan İngilizce Odysseia çevirisinin ilk cümlesinde onu “karmaşık bir adam” olarak tanımlar.",panel_01.jpg,MEVCUT GÖRSEL KULLANILABİLİR,"Görsel, cümledeki tahta at veya hile temasını, yay yarışmasını doğrudan destekliyor; anlatılan kişi/olayla çelişen bir unsur taşımıyor.",zoom_in,crossfade
478,"KAHRAMAN MI, DÜZENBAZ MI?",2795.019,2800.742,46:35.019,46:40.742,5.723,Hikâyenin başında bir atın içine saklanarak başka insanların şehrine girmişti.,panel_02.jpg,MEVCUT GÖRSEL KULLANILABİLİR,"Görsel, cümledeki tahta at veya hile temasını doğrudan destekliyor; anlatılan kişi/olayla çelişen bir unsur taşımıyor.",zoom_out,crossfade
479,"KAHRAMAN MI, DÜZENBAZ MI?",2800.742,2806.035,46:40.742,46:46.035,5.293,Sonunda ise bir dilenci görünümüne saklanarak kendi evine girdi.,panel_51.jpg,MEVCUT GÖRSEL KULLANILABİLİR,"Görsel, “KAHRAMAN MI, DÜZENBAZ MI?” bölümünün mekânını, karakterini veya duygusal tonunu destekliyor ve cümlenin anlamıyla çelişmiyor.",pan_left,crossfade
480,"KAHRAMAN MI, DÜZENBAZ MI?",2806.035,2810.04,46:46.035,46:50.040,4.005,İlk hilesi bir şehri yok etti.,panel_03.jpg,MEVCUT GÖRSEL KULLANILABİLİR,"Görsel, “KAHRAMAN MI, DÜZENBAZ MI?” bölümünün mekânını, karakterini veya duygusal tonunu destekliyor ve cümlenin anlamıyla çelişmiyor.",pan_right,crossfade
481,"KAHRAMAN MI, DÜZENBAZ MI?",2810.04,2814.475,46:50.040,46:54.475,4.435,Son hilesi kendi evini geri almasını sağladı.,panel_59.jpg,MEVCUT GÖRSEL KULLANILABİLİR,"Görsel, “KAHRAMAN MI, DÜZENBAZ MI?” bölümünün mekânını, karakterini veya duygusal tonunu destekliyor ve cümlenin anlamıyla çelişmiyor.",zoom_in,crossfade
482,"KAHRAMAN MI, DÜZENBAZ MI?",2814.475,2821.056,46:54.475,47:01.056,6.581,İkisinde de kullandığı araç aynıydı: Kendisini olduğundan başka bir şey gibi göstermek.,BLACK / NEW IMAGE NEEDED,YENİ GÖRSEL GEREKLİ,Kütüphanedeki mevcut görseller arasında bu cümleyi doğrudan ve yanlış çağrışım yaratmadan anlatan yeterince uygun bir görsel bulunmadığı için yeni görsel gerekli.,zoom_out,crossfade
483,"KAHRAMAN MI, DÜZENBAZ MI?",2821.056,2831.931,47:01.056,47:11.931,10.875,Belki Odysseus’un bütün hikâyesini birbirine bağlayan şey de budur: O hem başkalarını hem tanrıları hem de zaman zaman kendisini kandırarak hayatta kaldı.,panel_01.jpg,MEVCUT GÖRSEL KULLANILABİLİR,"Görsel, cümledeki tahta at veya hile temasını, Odysseus’u doğrudan destekliyor; anlatılan kişi/olayla çelişen bir unsur taşımıyor.",pan_left,crossfade
484,"KAHRAMAN MI, DÜZENBAZ MI?",2831.931,2836.366,47:11.931,47:16.366,4.435,Peki sizce Odysseus gerçekten bir kahraman mıydı?,panel_01.jpg,MEVCUT GÖRSEL KULLANILABİLİR,"Görsel, cümledeki Odysseus’u doğrudan destekliyor; anlatılan kişi/olayla çelişen bir unsur taşımıyor.",pan_right,crossfade
485,"KAHRAMAN MI, DÜZENBAZ MI?",2836.366,2843.376,47:16.366,47:23.376,7.011,Yoksa yalnızca kendi anlattığı hikâyenin kahramanı olmayı çok iyi bilen bir düzenbaz mıydı?,panel_01.jpg,MEVCUT GÖRSEL KULLANILABİLİR,"Görsel, cümledeki tahta at veya hile temasını doğrudan destekliyor; anlatılan kişi/olayla çelişen bir unsur taşımıyor.",zoom_in,crossfade
